id,created_at,updated_at,school_id,name,type,provider,connection_config,sync_enabled,sync_frequency_hours,last_sync_at,next_sync_at,sync_status,sync_error,field_mappings,records_synced,last_record_count,is_active,connected_at,disconnected_at,metadata,access_token_encrypted,refresh_token_encrypted,token_expires_at
4da7d8bd-866e-498d-d02c-ec6a1ef0a8f7,2025-07-30T22:26:49.114Z,2025-05-01T11:11:54.129Z,219980cb-3f77-4414-faeb-5f70b1472a36,Green Leaf Bistro,sample_text_5561,sample_text_8787,sample_text_325,true,187,2025-11-28T19:02:04.897Z,2025-12-10T08:07:37.512Z,sample_text_9452,sample_text_7442,sample_text_7405,902,4536,false,2025-07-23T07:46:56.074Z,2026-01-22T14:32:21.230Z,sample_text_5662,sample_text_3943,sample_text_8024,2025-09-14T23:05:57.122Z
9033d54d-adb8-4c3c-8e00-6b1e7edb2d23,2025-06-29T20:03:52.012Z,2025-08-05T10:35:06.088Z,f3e56a9d-701d-4138-17b4-468168466ac1,Cloud Nine Cafe,sample_text_2981,sample_text_3312,sample_text_5981,false,639,2025-06-06T19:24:37.800Z,2025-08-27T21:59:06.294Z,sample_text_3176,sample_text_7408,sample_text_379,854,5116,true,2025-07-27T03:53:54.791Z,2025-08-11T08:53:31.568Z,sample_text_6246,sample_text_6764,sample_text_9909,2025-10-19T03:26:41.745Z
cda0512d-a6ff-4192-5c5f-a973bd7bd3c5,2025-07-02T09:17:56.682Z,2025-05-19T14:31:26.191Z,8fcce2e7-79c7-439d-1c00-1a62a46a56f2,Firebird Pizza,sample_text_6456,sample_text_6264,sample_text_9434,false,216,2025-11-04T19:46:54.180Z,2025-07-06T12:06:43.707Z,sample_text_5904,sample_text_657,sample_text_4902,151,7010,true,2025-07-26T06:07:31.405Z,2026-01-29T06:44:15.551Z,sample_text_7767,sample_text_8796,sample_text_2182,2025-08-25T21:41:21.366Z
ada2ccdf-e557-4aa4-fdf9-37c0f0667428,2025-12-06T04:05:12.975Z,2025-08-15T11:07:03.499Z,c0b731c7-72d6-4cbc-7d82-0603fe27478a,The Rustic Fork,sample_text_7614,sample_text_2225,sample_text_1154,true,496,2025-06-20T22:25:42.576Z,2026-01-30T23:40:00.066Z,sample_text_3494,sample_text_720,sample_text_1558,69,6261,false,2025-09-04T18:43:02.201Z,2026-01-29T11:55:18.924Z,sample_text_6147,sample_text_7549,sample_text_4401,2025-08-25T15:00:32.866Z
c4141f97-5e27-4b33-0bf4-2f27d4da5d15,2025-12-03T11:47:16.017Z,2026-03-08T01:53:49.460Z,94dc4310-c140-4af7-8a5b-88c24ff5a5d3,Luna Restaurant,sample_text_4864,sample_text_8674,sample_text_4037,false,791,2026-01-19T01:01:52.440Z,2025-10-02T05:21:10.106Z,sample_text_5593,sample_text_2829,sample_text_7513,345,348,false,2025-07-17T03:30:55.184Z,2025-09-08T17:49:59.011Z,sample_text_73,sample_text_3032,sample_text_2860,2025-05-15T18:22:25.166Z
84c5ca44-c486-4bc1-15b7-9a982f8771bb,2026-03-16T20:52:55.551Z,2026-01-28T00:28:27.547Z,16c0f045-ad9e-4d23-8922-374a2534b914,The Local Table,sample_text_4327,sample_text_3177,sample_text_1617,true,68,2025-12-14T05:58:11.702Z,2026-03-29T18:57:24.975Z,sample_text_4077,sample_text_3722,sample_text_8567,260,31,true,2026-03-18T09:22:58.780Z,2025-04-27T05:14:51.320Z,sample_text_3207,sample_text_2019,sample_text_5416,2026-03-19T16:33:35.341Z
5b95313a-6c03-4454-e4fa-3c33382680e3,2025-10-18T22:34:37.523Z,2025-05-07T00:39:16.624Z,eb97341d-2385-4175-9a86-c3256608e18e,Firebird Pizza,sample_text_3311,sample_text_5713,sample_text_9685,false,379,2025-10-19T14:37:40.719Z,2025-10-31T12:12:00.061Z,sample_text_1256,sample_text_2432,sample_text_2594,530,2382,true,2026-02-11T15:35:02.570Z,2025-11-04T06:53:59.886Z,sample_text_1923,sample_text_5075,sample_text_5646,2025-12-04T11:46:09.442Z
758806c0-525f-4bde-64b4-d586733bbf36,2026-03-07T02:46:28.567Z,2025-11-01T00:54:51.890Z,921679af-a07e-442d-b254-00f81e5f665d,Oak & Vine,sample_text_7626,sample_text_8079,sample_text_7643,true,198,2026-01-03T23:46:41.661Z,2025-09-01T18:15:42.313Z,sample_text_5344,sample_text_2307,sample_text_2040,651,754,true,2025-09-12T23:17:55.486Z,2025-10-01T13:28:17.101Z,sample_text_2321,sample_text_5233,sample_text_9956,2025-09-06T09:31:07.246Z
dc904175-347a-4715-35d5-f9d315c23487,2025-12-21T15:08:25.923Z,2025-05-12T12:39:24.635Z,4f68cba7-6170-4ab1-21f9-a7a23a74f8c0,The Rustic Fork,sample_text_8671,sample_text_4529,sample_text_5756,true,963,2025-09-04T03:51:21.366Z,2025-05-13T22:03:37.209Z,sample_text_8524,sample_text_2895,sample_text_7635,588,9766,false,2025-10-01T13:37:35.107Z,2026-01-09T03:28:44.755Z,sample_text_5624,sample_text_8034,sample_text_6608,2025-05-27T23:44:18.405Z
3f9d7880-3721-49c6-b70f-afc7e2b691a8,2025-08-01T23:00:49.171Z,2025-07-23T16:59:45.565Z,469af544-bb26-4d4c-4b28-ab15c4812991,Blue Ocean Sushi,sample_text_6336,sample_text_4896,sample_text_1274,true,506,2026-01-22T00:39:07.832Z,2025-04-17T06:55:50.986Z,sample_text_3172,sample_text_239,sample_text_3307,760,1199,true,2025-05-21T14:13:23.687Z,2025-09-09T10:40:53.121Z,sample_text_822,sample_text_9489,sample_text_7757,2025-11-28T02:52:56.343Z
8eaf783f-e462-418d-9d46-d2bd372dd409,2025-10-21T17:41:01.991Z,2025-10-02T21:53:20.241Z,5eca5363-069f-462b-ef13-7dba299c99d9,Fresh & Co,sample_text_2410,sample_text_5084,sample_text_2172,true,949,2025-11-06T13:53:22.865Z,2026-02-22T18:38:54.519Z,sample_text_7065,sample_text_2260,sample_text_1173,346,5928,false,2025-09-21T09:24:37.588Z,2025-04-22T03:07:37.419Z,sample_text_9314,sample_text_6718,sample_text_4413,2026-03-18T19:40:04.595Z
2ff1903b-2cd7-42b8-8d34-ed9bd5031b21,2026-03-15T20:40:47.783Z,2025-10-15T01:10:42.569Z,820e0d69-1dec-4fa2-7dff-4973e37417e7,Corner Deli,sample_text_7979,sample_text_7549,sample_text_723,true,273,2025-07-03T05:57:21.882Z,2026-01-14T06:15:21.989Z,sample_text_2468,sample_text_8150,sample_text_1640,397,3596,true,2025-09-17T09:14:01.805Z,2025-10-01T07:29:11.990Z,sample_text_4949,sample_text_6446,sample_text_7993,2026-04-04T03:29:05.735Z
b5d8095c-c623-4094-52db-8be413654477,2025-09-16T11:22:47.983Z,2025-08-05T18:02:01.992Z,b017f20d-2b75-45dd-64d2-722f145a78d0,The Local Table,sample_text_4873,sample_text_4219,sample_text_1495,true,386,2026-02-12T19:46:12.035Z,2025-12-04T22:58:28.451Z,sample_text_2761,sample_text_5814,sample_text_1298,394,6434,false,2026-01-11T00:39:22.643Z,2026-03-06T21:30:53.137Z,sample_text_9538,sample_text_6670,sample_text_4176,2025-04-25T15:20:48.463Z
70a54517-6a84-4f2b-0012-e091aea06cfb,2025-11-11T21:27:52.780Z,2025-09-25T08:15:42.044Z,2e858920-a13b-46d3-3f94-8050bb03f098,The Local Table,sample_text_1058,sample_text_6291,sample_text_3338,true,16,2026-02-15T17:00:22.180Z,2026-03-14T05:50:43.630Z,sample_text_2893,sample_text_8535,sample_text_3434,740,4629,false,2026-04-06T07:37:46.940Z,2025-06-11T11:04:26.983Z,sample_text_8929,sample_text_2467,sample_text_9621,2025-12-26T14:59:19.814Z
4e5e66cb-a2d7-469b-1095-23ae5b6f30cb,2026-03-08T01:47:06.234Z,2026-02-06T22:20:23.956Z,16c0f045-ad9e-4d23-8922-374a2534b914,Red Pepper Thai,sample_text_1501,sample_text_4595,sample_text_7865,true,797,2026-03-17T17:24:32.416Z,2025-05-09T02:03:45.976Z,sample_text_7483,sample_text_7273,sample_text_9803,988,9704,false,2026-02-11T18:58:47.117Z,2025-04-27T05:58:02.834Z,sample_text_1208,sample_text_2961,sample_text_8215,2025-09-21T10:09:14.765Z
3e13ebf8-e887-4b06-7012-7edb8239574d,2026-01-13T07:16:40.750Z,2025-06-17T00:24:38.478Z,24557b57-0c13-4c0c-a3e9-39903a1a94a3,Fresh & Co,sample_text_814,sample_text_9183,sample_text_5313,true,37,2026-04-06T12:27:47.708Z,2026-04-02T03:57:03.735Z,sample_text_1453,sample_text_9578,sample_text_5777,785,403,true,2026-03-09T18:07:22.123Z,2025-12-08T10:33:20.184Z,sample_text_9833,sample_text_7778,sample_text_6146,2026-01-11T22:50:05.256Z
bf351d5a-7842-4e1a-cc64-e7ede4824a6f,2025-05-24T00:00:44.274Z,2026-02-26T21:19:51.450Z,13905047-dc05-4f11-21d1-ceb2ff2a4ead,The Brass Tap,sample_text_8447,sample_text_2893,sample_text_394,true,479,2025-09-30T05:47:15.300Z,2025-05-30T06:32:14.315Z,sample_text_231,sample_text_5363,sample_text_2160,468,3025,true,2025-10-13T22:17:40.127Z,2025-12-03T04:25:26.418Z,sample_text_2134,sample_text_4785,sample_text_4767,2026-04-09T03:12:03.085Z
bdf17f3a-c09c-4f63-ac18-85368f790bc6,2026-01-02T05:24:16.813Z,2025-04-22T13:52:04.563Z,661bcb95-f84e-4871-e1c4-675bf8171439,Firebird Pizza,sample_text_3553,sample_text_97,sample_text_3521,false,214,2025-06-14T04:48:52.429Z,2025-09-18T04:06:20.774Z,sample_text_4637,sample_text_4654,sample_text_2397,349,9803,false,2025-09-06T13:09:04.033Z,2026-03-21T08:15:58.917Z,sample_text_7221,sample_text_1020,sample_text_5179,2026-01-29T06:59:01.335Z
5306dc58-8fa2-48b8-1146-880020ee7d2c,2026-02-25T21:44:19.794Z,2025-06-15T15:31:58.779Z,314cdd92-266e-488d-cf88-6e18f6db8ca6,Mountain View Cafe,sample_text_2993,sample_text_3684,sample_text_5245,true,835,2025-10-22T17:41:58.751Z,2026-01-31T12:33:55.585Z,sample_text_3193,sample_text_7650,sample_text_9924,296,2665,true,2026-02-18T05:56:25.573Z,2026-03-16T12:55:57.113Z,sample_text_9192,sample_text_3818,sample_text_8368,2025-09-29T15:30:28.910Z
9d4ad509-b312-4e93-1c15-3a3e8aeed2c0,2025-12-04T09:28:51.470Z,2025-09-05T12:33:17.903Z,291d99ad-c85c-4557-8915-25527607d5cf,Cloud Nine Cafe,sample_text_356,sample_text_9119,sample_text_8516,true,732,2025-12-26T14:29:23.708Z,2025-08-06T23:47:36.703Z,sample_text_3419,sample_text_9165,sample_text_2227,206,4304,true,2026-03-15T17:01:16.628Z,2025-07-04T22:48:36.616Z,sample_text_5169,sample_text_5700,sample_text_8594,2026-01-15T20:28:55.371Z
e040ab3c-f077-4583-30db-32782030d603,2025-11-12T07:17:54.241Z,2025-08-23T11:55:20.361Z,2e842555-494e-4eac-25b2-d2a4430cc9ed,City Kitchen,sample_text_9345,sample_text_347,sample_text_3501,false,773,2025-10-21T01:36:34.882Z,2025-08-25T10:53:14.011Z,sample_text_6199,sample_text_5381,sample_text_5751,919,6543,true,2025-11-11T04:18:15.315Z,2025-09-26T04:47:20.980Z,sample_text_6687,sample_text_2787,sample_text_8343,2026-02-15T13:20:19.762Z
1cf97b53-c321-4446-daf9-fb039e7940c0,2025-05-23T16:23:36.945Z,2025-10-07T10:13:37.470Z,1c4d8e9f-05af-4567-fc15-60738335dd73,Luna Restaurant,sample_text_7169,sample_text_1916,sample_text_9106,false,275,2025-11-09T01:59:46.673Z,2026-04-08T14:14:43.504Z,sample_text_336,sample_text_7406,sample_text_7952,683,767,true,2026-01-27T14:10:35.698Z,2025-06-24T10:16:27.470Z,sample_text_3883,sample_text_5913,sample_text_3475,2025-10-23T02:52:00.903Z
641acc8c-ff63-4644-733b-3aeee767a76d,2025-04-23T23:59:20.834Z,2025-05-12T08:14:37.563Z,73370ee3-24e1-494c-b530-e79710873eeb,City Kitchen,sample_text_285,sample_text_2986,sample_text_9251,false,203,2025-09-22T03:44:24.235Z,2026-02-22T07:27:55.779Z,sample_text_5769,sample_text_7530,sample_text_9934,246,3686,false,2025-06-30T06:04:48.435Z,2025-08-17T15:54:25.181Z,sample_text_2088,sample_text_7096,sample_text_5037,2025-12-16T00:51:16.506Z
a1f30e02-a3b3-4ee1-4e8a-1f2796ca0f17,2025-12-13T09:53:21.300Z,2026-01-24T10:31:06.986Z,469af544-bb26-4d4c-4b28-ab15c4812991,The Local Table,sample_text_4627,sample_text_5387,sample_text_7118,false,198,2025-11-02T20:57:01.076Z,2025-10-06T05:43:31.298Z,sample_text_1890,sample_text_2146,sample_text_1583,258,2732,true,2025-07-11T02:23:41.701Z,2026-01-02T16:47:27.279Z,sample_text_1964,sample_text_265,sample_text_9879,2025-05-26T09:38:34.670Z
62e93f66-9450-4e21-720e-6f8386b196c3,2026-02-26T09:24:08.517Z,2026-03-20T09:29:39.393Z,af7db41b-a69f-4ae5-eb9c-f59fa17dcd26,Harbor Grill,sample_text_1069,sample_text_9461,sample_text_6937,false,718,2025-04-17T21:58:06.483Z,2025-08-01T05:33:59.678Z,sample_text_5572,sample_text_2311,sample_text_7166,753,2065,false,2025-04-23T08:19:35.990Z,2025-05-07T13:27:35.054Z,sample_text_871,sample_text_6356,sample_text_979,2025-06-11T13:09:24.513Z
338601fc-d3a3-4a67-3509-9a7caf72e0a7,2026-04-04T13:22:06.735Z,2025-05-31T10:47:18.867Z,1eca3985-996e-497f-4644-294968d742b8,Sage & Thyme,sample_text_7142,sample_text_7802,sample_text_6168,true,234,2025-05-05T22:35:05.002Z,2025-04-27T08:02:31.968Z,sample_text_8811,sample_text_4516,sample_text_3761,315,7404,false,2025-12-21T01:25:15.648Z,2025-04-19T04:18:25.545Z,sample_text_5875,sample_text_4942,sample_text_5226,2025-07-20T17:55:04.133Z
3cc00d58-32eb-4b92-0b84-ab67df685bc2,2025-11-05T12:42:21.316Z,2025-07-06T12:17:00.666Z,c8bf5171-97bd-4a3c-df89-c4059e1474e2,The Brass Tap,sample_text_2901,sample_text_6638,sample_text_7582,false,79,2025-07-27T02:56:12.207Z,2025-06-22T04:15:25.652Z,sample_text_8494,sample_text_2009,sample_text_6861,77,1438,false,2025-08-28T05:59:41.738Z,2025-08-10T12:59:56.821Z,sample_text_6787,sample_text_9796,sample_text_9272,2025-05-03T03:33:30.318Z
8cbff490-9d1a-4e62-9195-9deaabb5abc1,2025-09-22T23:04:30.674Z,2026-03-25T15:18:43.423Z,2e858920-a13b-46d3-3f94-8050bb03f098,Oak & Vine,sample_text_608,sample_text_404,sample_text_9714,false,153,2025-06-12T21:36:14.435Z,2025-04-20T15:07:14.953Z,sample_text_8418,sample_text_6389,sample_text_2061,747,9269,false,2025-12-12T15:45:47.048Z,2025-08-24T03:21:02.780Z,sample_text_6905,sample_text_5330,sample_text_2075,2026-01-02T12:53:01.385Z
99802c72-29db-46cc-83bb-cfbff82cd086,2025-12-20T21:36:11.028Z,2026-03-04T21:04:44.995Z,10539e4e-19ad-49ff-5fb1-13c6a13a9cc0,Mountain View Cafe,sample_text_30,sample_text_300,sample_text_3689,false,396,2025-09-25T03:49:15.078Z,2026-03-23T13:41:38.927Z,sample_text_5676,sample_text_5785,sample_text_3801,886,2469,false,2026-03-20T03:23:05.901Z,2025-08-12T00:15:07.225Z,sample_text_1805,sample_text_8806,sample_text_6617,2025-12-31T06:39:31.268Z
5f849255-6ceb-48bd-5dc9-d5c6d9d59661,2026-03-06T07:19:29.576Z,2025-05-22T16:55:18.036Z,921679af-a07e-442d-b254-00f81e5f665d,The Rustic Fork,sample_text_545,sample_text_5069,sample_text_438,true,771,2026-02-12T17:53:56.703Z,2026-01-28T01:31:47.193Z,sample_text_6845,sample_text_5208,sample_text_6991,515,9494,true,2025-10-09T13:25:28.254Z,2026-01-04T00:04:01.594Z,sample_text_4782,sample_text_8510,sample_text_118,2025-08-07T13:23:04.690Z
68fb14ff-ef93-4dc9-2081-e0a8b9f32fd0,2026-03-21T15:43:19.698Z,2026-01-21T19:51:35.798Z,e112e16e-d7d4-47de-a1f6-038db1f702ae,Harbor Grill,sample_text_9000,sample_text_3373,sample_text_6540,true,837,2025-10-11T02:54:52.554Z,2026-01-14T07:09:08.749Z,sample_text_2630,sample_text_7969,sample_text_2114,358,5919,false,2025-12-24T19:54:03.111Z,2026-03-01T02:20:09.519Z,sample_text_2926,sample_text_2032,sample_text_8293,2025-12-12T00:36:39.248Z
39329d12-3bfe-4809-48ac-bfd9de82b51d,2025-04-15T17:58:26.601Z,2025-08-10T23:06:33.902Z,c41be56c-1b03-4f83-3798-7ff82c84c273,Cloud Nine Cafe,sample_text_973,sample_text_6698,sample_text_6878,false,293,2025-11-30T21:28:59.798Z,2025-12-31T12:39:09.164Z,sample_text_8114,sample_text_5370,sample_text_5939,877,9149,false,2026-02-11T12:49:02.810Z,2026-03-02T01:11:57.972Z,sample_text_3335,sample_text_2439,sample_text_2345,2025-11-20T05:59:39.004Z
aca68b25-3efc-4132-dcb8-0838d618e9f1,2025-08-19T00:20:16.103Z,2025-10-24T07:23:50.619Z,73370ee3-24e1-494c-b530-e79710873eeb,Corner Deli,sample_text_4455,sample_text_4416,sample_text_7257,false,988,2025-08-15T03:38:23.160Z,2025-11-12T18:19:14.999Z,sample_text_3067,sample_text_1228,sample_text_5253,866,939,true,2025-10-28T18:53:42.092Z,2026-02-09T02:24:41.962Z,sample_text_797,sample_text_9417,sample_text_322,2026-03-28T21:22:08.558Z
8e3a08e4-8a8d-4350-dfb1-417ca60f9bb0,2026-02-15T22:28:15.887Z,2025-08-30T12:52:32.052Z,b017f20d-2b75-45dd-64d2-722f145a78d0,The Local Table,sample_text_7362,sample_text_854,sample_text_3287,true,829,2026-03-08T15:30:02.911Z,2026-04-01T01:01:02.651Z,sample_text_904,sample_text_8851,sample_text_8143,433,7662,true,2026-03-18T09:13:09.597Z,2025-12-23T11:40:54.172Z,sample_text_1323,sample_text_6464,sample_text_8443,2025-08-22T16:08:00.435Z
dc90b501-b502-40f5-d807-924e1428083d,2025-12-23T12:21:38.726Z,2025-10-12T06:20:36.509Z,f56bd850-ae1d-4c12-1f67-ecd289df1620,Stone Oven Bakery,sample_text_8117,sample_text_4063,sample_text_355,false,179,2025-12-08T10:37:29.765Z,2025-07-26T15:35:18.903Z,sample_text_4943,sample_text_1196,sample_text_9370,631,6256,false,2025-12-15T13:45:32.086Z,2025-05-14T14:14:35.037Z,sample_text_5509,sample_text_1839,sample_text_2656,2025-07-29T18:32:11.889Z
c19aa16e-fa66-4f77-16fc-deabf85c047f,2025-07-15T23:37:38.445Z,2025-11-06T00:34:16.830Z,820e0d69-1dec-4fa2-7dff-4973e37417e7,Harbor Grill,sample_text_7807,sample_text_9155,sample_text_5994,false,341,2025-04-13T01:22:41.056Z,2026-03-29T03:52:38.200Z,sample_text_9326,sample_text_3304,sample_text_8657,33,4244,false,2025-11-18T22:16:28.403Z,2025-11-03T07:05:01.997Z,sample_text_9148,sample_text_4443,sample_text_1396,2025-05-27T05:49:18.785Z
8333654b-82b4-4314-9a9a-3ffe9f382d76,2025-09-05T00:10:57.729Z,2025-08-25T01:20:36.466Z,f56bd850-ae1d-4c12-1f67-ecd289df1620,Golden Plate,sample_text_5231,sample_text_9031,sample_text_3402,false,903,2026-03-14T12:13:08.134Z,2025-08-06T19:53:27.871Z,sample_text_1254,sample_text_5995,sample_text_6411,202,2210,true,2025-11-29T22:27:57.087Z,2025-06-29T01:14:38.609Z,sample_text_9817,sample_text_5793,sample_text_5207,2026-02-25T21:41:45.248Z
b8949423-75fc-4fc3-92b1-765df791f70b,2025-12-28T00:51:07.385Z,2025-10-30T06:08:52.148Z,f3e56a9d-701d-4138-17b4-468168466ac1,The Brass Tap,sample_text_8798,sample_text_7117,sample_text_2339,true,495,2025-12-26T22:21:51.492Z,2025-04-12T12:42:16.311Z,sample_text_691,sample_text_2022,sample_text_9691,773,6657,false,2025-07-17T18:01:49.028Z,2025-11-18T16:23:18.340Z,sample_text_8998,sample_text_9973,sample_text_3482,2025-10-09T09:33:58.826Z
7f2e7680-177f-4277-a762-6c977ff8aa9e,2025-07-12T17:57:02.144Z,2025-05-01T03:29:26.890Z,f902ac6e-7076-46f8-2ee0-d0970401682b,Blue Ocean Sushi,sample_text_3383,sample_text_5193,sample_text_253,false,115,2025-05-13T00:24:24.943Z,2026-02-13T17:36:38.679Z,sample_text_3657,sample_text_7664,sample_text_897,161,2157,false,2026-01-21T03:44:11.343Z,2025-07-14T20:57:10.873Z,sample_text_3150,sample_text_1781,sample_text_5328,2025-09-21T18:35:26.587Z
b1ae47bd-a9cc-4452-cc1f-6e8a2d2cdd9e,2025-10-06T22:11:32.118Z,2025-05-26T15:33:30.068Z,545d1106-2b34-4e12-24da-7673253ca1d7,The Rustic Fork,sample_text_970,sample_text_5363,sample_text_8463,true,991,2025-11-20T00:45:30.782Z,2025-07-23T07:54:36.679Z,sample_text_4578,sample_text_2301,sample_text_1362,745,4327,false,2025-12-01T20:10:01.268Z,2026-01-28T16:54:29.945Z,sample_text_8268,sample_text_5817,sample_text_4095,2025-06-01T01:47:28.050Z
909260b9-185e-4ce7-db55-59790433a4e8,2026-01-09T18:15:24.822Z,2025-06-24T15:16:13.825Z,aed83b90-feeb-480d-e57c-176768104c81,Stone Oven Bakery,sample_text_1168,sample_text_7861,sample_text_5786,false,961,2026-02-10T00:32:41.037Z,2025-04-28T09:04:28.021Z,sample_text_5134,sample_text_830,sample_text_7075,435,8458,false,2025-08-23T10:35:50.232Z,2025-12-01T07:46:04.438Z,sample_text_7558,sample_text_37,sample_text_2576,2025-11-25T12:30:25.648Z
da3b0395-5367-4023-fdf8-08e751273d3b,2025-12-05T23:25:42.746Z,2025-06-07T22:26:07.313Z,e394ca10-b5a0-45cc-8730-3524aff8641a,The Brass Tap,sample_text_8481,sample_text_8432,sample_text_6464,true,397,2025-09-24T05:05:07.568Z,2026-01-01T03:48:31.488Z,sample_text_8835,sample_text_8001,sample_text_3134,694,5330,true,2025-08-02T22:19:06.320Z,2025-09-11T04:25:41.978Z,sample_text_5110,sample_text_526,sample_text_1173,2025-05-17T16:42:02.615Z
a5633500-6373-4169-7d21-5b951a759811,2026-01-03T07:38:37.455Z,2025-10-27T17:44:46.915Z,baeb778f-0236-4ea0-497b-a0d46e5c6619,The Brass Tap,sample_text_5100,sample_text_3836,sample_text_4348,true,421,2025-04-27T11:49:20.858Z,2025-08-30T02:23:45.579Z,sample_text_5129,sample_text_5074,sample_text_5138,334,1146,true,2026-01-23T07:25:16.227Z,2025-08-31T23:24:44.462Z,sample_text_3560,sample_text_5034,sample_text_9640,2026-01-05T13:17:02.356Z
2224c2f4-90b7-4075-7afa-59b67fbee93b,2025-12-09T09:15:16.935Z,2025-10-28T12:49:14.267Z,615ffcad-04ca-4584-4505-45cbefd50d58,Maple Street Diner,sample_text_7308,sample_text_9523,sample_text_8348,false,281,2025-06-14T00:14:02.261Z,2025-05-27T13:06:58.997Z,sample_text_4077,sample_text_760,sample_text_2867,276,691,false,2025-09-04T21:19:26.768Z,2026-01-02T11:57:05.449Z,sample_text_7264,sample_text_3588,sample_text_2730,2026-01-14T12:54:08.984Z
78bf769c-1eda-459a-5900-22c4952e96e6,2026-02-17T00:28:01.768Z,2026-01-08T17:54:39.216Z,4c81bc97-321d-48c5-d316-8243b2e8187e,Green Leaf Bistro,sample_text_2019,sample_text_4849,sample_text_4854,true,819,2025-08-02T07:06:09.036Z,2025-05-18T12:17:22.754Z,sample_text_6918,sample_text_2576,sample_text_2677,601,9158,true,2025-08-06T21:17:12.795Z,2025-09-25T04:22:38.921Z,sample_text_3821,sample_text_914,sample_text_8227,2026-02-03T10:47:44.308Z
6d23bbfd-cff5-405a-88e5-f9621b8e9356,2025-04-30T13:56:20.720Z,2026-03-10T18:55:47.361Z,7006fd96-e3f8-4225-33e4-be34d610ffbb,Corner Deli,sample_text_3738,sample_text_2757,sample_text_8034,false,14,2025-08-26T06:42:59.314Z,2025-12-04T23:05:29.880Z,sample_text_7608,sample_text_2641,sample_text_783,132,8064,false,2025-06-23T04:11:20.317Z,2025-07-24T20:18:10.591Z,sample_text_3474,sample_text_4165,sample_text_5591,2026-03-29T04:54:57.695Z
0e0f4c01-c760-4d52-7c20-e4755ceb5c97,2025-05-11T23:25:55.022Z,2025-07-04T05:30:52.796Z,4fab3abf-dd8f-4d4b-ef39-52d4314418ca,Blue Ocean Sushi,sample_text_9531,sample_text_5981,sample_text_8706,true,61,2025-10-04T09:53:21.282Z,2025-09-29T16:01:57.017Z,sample_text_3108,sample_text_5181,sample_text_338,649,7311,false,2025-06-12T04:15:21.435Z,2025-10-17T01:56:15.011Z,sample_text_1795,sample_text_6110,sample_text_7825,2026-01-16T17:42:28.638Z
5abeea08-009e-4c2d-c3a4-e50362454af1,2025-06-16T14:39:14.544Z,2025-07-03T12:49:57.802Z,615ffcad-04ca-4584-4505-45cbefd50d58,City Kitchen,sample_text_2973,sample_text_9865,sample_text_6159,false,175,2025-05-10T21:32:40.150Z,2025-08-06T21:11:54.441Z,sample_text_8741,sample_text_5007,sample_text_2144,646,211,false,2026-02-01T15:35:15.074Z,2025-11-16T06:37:48.730Z,sample_text_1531,sample_text_1937,sample_text_4357,2026-02-02T16:43:29.937Z
c05f656e-9bca-4670-843a-7d978b8d66ba,2026-02-08T09:03:10.986Z,2026-02-26T00:38:47.320Z,837a9baf-7fed-4fe4-630e-eeaf60164bcb,The Brass Tap,sample_text_4955,sample_text_2852,sample_text_6260,false,539,2026-03-07T18:08:44.087Z,2025-11-17T22:13:00.686Z,sample_text_7892,sample_text_7418,sample_text_5667,380,6564,true,2025-12-31T01:30:37.254Z,2025-05-29T18:08:29.687Z,sample_text_9126,sample_text_5984,sample_text_5848,2025-10-01T18:46:57.337Z
db59e9fb-9c46-42f7-9297-eae81799e050,2025-08-02T11:30:51.608Z,2025-07-18T00:00:35.177Z,e394ca10-b5a0-45cc-8730-3524aff8641a,The Local Table,sample_text_1548,sample_text_5675,sample_text_4459,true,909,2026-03-26T04:30:17.597Z,2025-11-19T17:49:56.724Z,sample_text_6154,sample_text_5639,sample_text_7309,626,5508,false,2025-12-17T11:13:35.277Z,2025-08-15T03:46:10.776Z,sample_text_1571,sample_text_6804,sample_text_994,2025-05-09T07:37:39.199Z
2264933f-647a-4432-da14-8bac6117dc40,2025-11-08T17:12:42.727Z,2026-01-04T20:30:28.135Z,2e842555-494e-4eac-25b2-d2a4430cc9ed,Golden Plate,sample_text_7996,sample_text_5807,sample_text_4483,true,15,2026-03-12T07:16:53.752Z,2025-07-14T23:04:44.980Z,sample_text_8916,sample_text_6561,sample_text_8305,552,1853,true,2026-01-06T19:29:31.227Z,2025-12-05T22:02:12.621Z,sample_text_2886,sample_text_1785,sample_text_8774,2025-11-07T05:56:23.944Z
84d40715-045e-4f17-73fa-4416bebd67d4,2025-11-18T15:53:41.762Z,2025-07-01T18:44:28.774Z,5eca5363-069f-462b-ef13-7dba299c99d9,The Brass Tap,sample_text_5252,sample_text_8379,sample_text_6362,true,702,2026-01-27T05:46:37.005Z,2026-04-10T17:38:05.275Z,sample_text_6371,sample_text_476,sample_text_1538,127,3947,false,2026-03-09T20:24:18.534Z,2025-08-15T03:40:32.268Z,sample_text_1753,sample_text_4921,sample_text_8730,2025-12-30T19:55:25.422Z
606bc1e5-22f8-45fc-651a-de6e5b8a9b14,2025-07-11T21:59:14.589Z,2025-10-24T15:08:03.429Z,baeb778f-0236-4ea0-497b-a0d46e5c6619,Mountain View Cafe,sample_text_730,sample_text_7172,sample_text_629,false,240,2025-05-17T11:00:56.135Z,2025-05-13T13:29:59.984Z,sample_text_8867,sample_text_7418,sample_text_2441,483,5502,false,2025-10-08T08:59:28.147Z,2026-01-15T02:55:46.454Z,sample_text_5193,sample_text_2815,sample_text_8000,2025-04-22T11:25:17.653Z
f435d1ee-b6ee-454d-9148-bbd2d14f849e,2025-05-24T16:14:05.778Z,2025-09-26T08:06:23.128Z,89bd14e2-cf78-45ab-904a-7a7f0f4a4010,Harbor Grill,sample_text_7179,sample_text_3200,sample_text_9176,false,622,2025-12-18T01:02:32.842Z,2025-10-24T02:18:57.873Z,sample_text_252,sample_text_6841,sample_text_4191,190,2763,false,2025-08-05T12:35:46.130Z,2025-10-25T08:13:04.197Z,sample_text_8459,sample_text_4820,sample_text_4106,2026-01-26T18:57:48.958Z
57c884ca-9c97-492b-cbf1-831fe3edb7c0,2025-10-12T03:43:32.452Z,2025-08-20T13:26:21.271Z,b1160aa4-615e-46be-c33f-53b664f1618f,Maple Street Diner,sample_text_922,sample_text_2150,sample_text_9159,true,580,2025-10-20T02:30:08.540Z,2025-09-30T08:00:30.325Z,sample_text_1675,sample_text_5857,sample_text_9542,908,7524,false,2025-10-14T01:50:45.564Z,2025-11-17T07:30:09.277Z,sample_text_7699,sample_text_1412,sample_text_6786,2025-05-10T02:51:24.352Z
c8de0eb5-8a85-47ee-f668-afb6cb7af7bf,2026-01-07T06:11:18.081Z,2025-05-22T00:01:37.125Z,89bd14e2-cf78-45ab-904a-7a7f0f4a4010,Firebird Pizza,sample_text_9525,sample_text_7833,sample_text_4874,false,213,2025-12-07T02:10:40.815Z,2026-01-26T01:52:33.381Z,sample_text_5712,sample_text_3891,sample_text_1868,17,5480,false,2026-03-28T14:57:12.429Z,2025-10-05T12:55:04.965Z,sample_text_5822,sample_text_5884,sample_text_5125,2025-07-09T12:58:07.624Z
f91a5c51-3df4-48c0-c267-500a42d5dc6f,2025-10-03T04:21:15.741Z,2025-10-15T23:34:24.237Z,521d1584-627e-495f-893e-82a12f5344be,Harbor Grill,sample_text_5983,sample_text_1894,sample_text_459,false,388,2025-09-06T21:38:01.303Z,2025-06-16T06:50:15.847Z,sample_text_7223,sample_text_9039,sample_text_8243,430,6478,true,2026-03-28T22:31:52.428Z,2026-01-13T02:17:29.926Z,sample_text_7388,sample_text_3529,sample_text_1424,2026-02-05T08:48:13.764Z
96bf6a31-b3d7-44f3-a0c4-0eb3c4fb1b4c,2026-01-30T14:20:12.996Z,2026-04-10T22:23:31.419Z,94dc4310-c140-4af7-8a5b-88c24ff5a5d3,Golden Plate,sample_text_2214,sample_text_6083,sample_text_3337,false,691,2025-12-04T14:42:33.328Z,2025-07-16T11:42:34.082Z,sample_text_6139,sample_text_3361,sample_text_6446,873,6170,true,2025-11-07T15:32:31.961Z,2025-10-16T10:58:08.140Z,sample_text_6638,sample_text_6088,sample_text_9296,2025-05-05T17:00:13.620Z
49877a14-13f8-444f-3e86-b70e273efb13,2026-03-26T03:49:37.521Z,2026-01-14T12:13:06.911Z,661bcb95-f84e-4871-e1c4-675bf8171439,Firebird Pizza,sample_text_8183,sample_text_2883,sample_text_1099,true,932,2026-02-10T13:50:08.295Z,2025-10-25T13:34:59.883Z,sample_text_5335,sample_text_7422,sample_text_7865,695,1714,true,2025-04-27T18:40:29.587Z,2025-12-01T08:13:24.356Z,sample_text_5042,sample_text_1628,sample_text_8611,2025-12-12T10:42:25.261Z
c621882d-c814-439b-fe15-b3a7f4d81679,2025-06-02T06:02:19.169Z,2025-09-30T09:44:52.056Z,3d03d7a9-93e0-4b8e-6b5b-e7f8337fab48,The Rustic Fork,sample_text_1353,sample_text_694,sample_text_790,true,5,2025-04-30T22:30:10.380Z,2025-07-06T02:02:10.915Z,sample_text_9387,sample_text_2323,sample_text_3865,254,766,true,2025-06-10T13:39:30.917Z,2025-06-15T20:59:56.783Z,sample_text_9632,sample_text_8919,sample_text_1061,2025-05-20T13:44:07.411Z
852adb01-52fc-4591-48d0-aacd111a0a52,2025-06-18T03:10:26.048Z,2026-02-08T13:22:32.479Z,a41d4030-6171-4181-a953-5d0104c592fd,Blue Ocean Sushi,sample_text_2386,sample_text_8637,sample_text_2712,true,89,2025-05-04T21:59:34.826Z,2025-11-15T23:42:18.987Z,sample_text_1269,sample_text_5546,sample_text_1640,398,5061,true,2025-09-01T17:11:11.692Z,2025-07-15T11:53:17.344Z,sample_text_5046,sample_text_6041,sample_text_9822,2025-05-22T21:01:00.177Z
c44765c5-fef7-4425-8fec-6518509fa281,2025-07-07T03:24:02.029Z,2025-07-27T23:26:40.368Z,1eca3985-996e-497f-4644-294968d742b8,Luna Restaurant,sample_text_3726,sample_text_191,sample_text_4547,false,466,2025-05-18T23:54:36.306Z,2025-11-06T18:37:14.625Z,sample_text_4581,sample_text_3972,sample_text_4179,314,6374,false,2025-05-04T18:46:35.815Z,2025-05-30T06:20:12.697Z,sample_text_8510,sample_text_4217,sample_text_2384,2026-01-13T07:11:37.248Z
83aa8c93-79c8-42e1-1b1e-8ca474ad1bbe,2025-11-13T06:33:05.084Z,2025-04-17T12:51:02.209Z,fecc715c-91cf-4144-4e6d-27d53565cfa5,Firebird Pizza,sample_text_8135,sample_text_8743,sample_text_2175,true,217,2025-06-29T11:22:55.718Z,2025-11-09T06:15:49.618Z,sample_text_3068,sample_text_5465,sample_text_2401,480,1413,false,2025-07-14T07:31:25.143Z,2025-05-12T03:50:14.516Z,sample_text_3650,sample_text_6798,sample_text_2034,2026-02-26T23:57:39.544Z
8b412410-7039-474a-c83d-d263cd5c7a06,2025-05-16T19:38:40.002Z,2025-07-06T23:58:39.212Z,10539e4e-19ad-49ff-5fb1-13c6a13a9cc0,Luna Restaurant,sample_text_2347,sample_text_1605,sample_text_9711,true,331,2026-01-25T00:48:58.546Z,2025-07-08T07:37:18.417Z,sample_text_2604,sample_text_4231,sample_text_8132,957,6139,true,2025-07-22T23:32:00.541Z,2025-04-13T05:35:40.523Z,sample_text_6695,sample_text_563,sample_text_8228,2025-07-14T01:06:43.609Z
f80bad2e-7c5e-44d2-4b10-c35f8bcf39d8,2026-04-08T08:06:32.803Z,2025-06-07T04:12:59.931Z,89bd14e2-cf78-45ab-904a-7a7f0f4a4010,City Kitchen,sample_text_287,sample_text_7800,sample_text_6245,true,664,2026-02-01T09:42:47.867Z,2025-04-15T19:25:20.207Z,sample_text_7496,sample_text_997,sample_text_8232,139,3043,true,2025-08-11T10:16:53.564Z,2026-03-16T12:41:29.816Z,sample_text_8991,sample_text_7199,sample_text_1854,2025-08-05T07:48:04.101Z
77c70c39-68bc-4a57-3bd4-94ff6fa9c20f,2026-04-10T21:32:20.069Z,2025-07-23T16:16:36.345Z,4fab3abf-dd8f-4d4b-ef39-52d4314418ca,Fresh & Co,sample_text_2112,sample_text_7206,sample_text_7345,true,390,2025-06-15T11:06:48.339Z,2025-10-18T15:14:12.196Z,sample_text_900,sample_text_7125,sample_text_8794,977,3322,false,2025-10-16T01:02:59.812Z,2025-08-19T21:58:47.149Z,sample_text_4919,sample_text_3155,sample_text_8589,2025-04-17T04:40:11.200Z
edbbf18f-ee9f-4fc6-7d05-6fb0832a105d,2025-08-03T10:10:29.137Z,2025-07-28T15:56:03.273Z,b1160aa4-615e-46be-c33f-53b664f1618f,Mountain View Cafe,sample_text_5013,sample_text_3741,sample_text_3453,false,922,2026-03-11T02:14:14.152Z,2025-08-31T19:01:38.083Z,sample_text_8048,sample_text_9716,sample_text_3050,268,3498,true,2025-10-05T03:40:08.543Z,2026-03-20T15:27:29.084Z,sample_text_3494,sample_text_88,sample_text_3037,2025-08-23T16:13:40.679Z
edfa7eba-68e3-43d2-6209-06391e3461d3,2025-04-20T13:27:14.857Z,2025-09-18T09:18:19.277Z,a41d4030-6171-4181-a953-5d0104c592fd,The Local Table,sample_text_6697,sample_text_5043,sample_text_821,false,437,2025-10-19T04:54:16.665Z,2025-04-18T03:24:18.756Z,sample_text_6291,sample_text_5818,sample_text_9227,479,9246,true,2025-05-25T00:28:50.021Z,2025-07-18T15:10:37.146Z,sample_text_6566,sample_text_3038,sample_text_8659,2025-12-08T18:15:13.588Z
11227f85-7942-4dd4-a923-849e24255b42,2025-09-05T12:50:19.780Z,2026-04-07T05:37:03.406Z,94519cc1-bdc7-4549-769e-8964efcea7c6,Firebird Pizza,sample_text_2789,sample_text_9396,sample_text_8022,false,833,2026-01-30T06:56:55.988Z,2025-06-13T13:24:57.804Z,sample_text_1013,sample_text_4815,sample_text_6577,161,4827,true,2025-05-16T23:31:05.103Z,2026-01-13T03:49:14.683Z,sample_text_331,sample_text_7623,sample_text_4803,2026-01-12T19:01:55.012Z
