id,school_id,scheduled_report_id,report_type,format,title,generated_by,generated_at,generation_time_ms,storage_path,file_size_bytes,expires_at,delivery_status,delivered_at,delivery_error,filters,record_count,created_at
d24f06dd-d1d4-4026-74ff-68f157c6126e,94dc4310-c140-4af7-8a5b-88c24ff5a5d3,7143354f-b151-4634-c60b-c973e4f80db9,sample_text_2379,sample_text_2250,sample_text_5107,f539e4fe-f94c-4ef3-3fb4-e80fa324f1e0,2025-06-21T01:00:54.431Z,856,sample_text_3946,371,2025-08-29T19:09:00.592Z,sample_text_4297,2025-04-18T16:20:10.839Z,sample_text_5799,sample_text_5993,3190,2025-12-21T12:52:51.232Z
9ba2421c-5635-421e-7b38-425d01d0f60c,521d1584-627e-495f-893e-82a12f5344be,63eb864d-d6b2-46f4-65a7-8459624407b5,sample_text_7367,sample_text_3661,sample_text_7,c6cf45f0-06b6-4054-eebd-007bd9edeab1,2025-04-20T21:19:47.030Z,295,sample_text_3695,331,2025-08-28T21:22:52.727Z,sample_text_6222,2025-10-06T07:22:24.545Z,sample_text_730,sample_text_7296,5240,2025-11-15T08:02:02.900Z
cd81cb47-f099-4bab-1ef7-0dea764d55d3,10539e4e-19ad-49ff-5fb1-13c6a13a9cc0,a2d85dfe-b21a-4c7f-447a-da8f39df4e15,sample_text_8529,sample_text_9319,sample_text_6579,7b17e8f9-a7b4-43d2-e8f2-2111fb4c1f19,2026-01-01T08:05:39.637Z,600,sample_text_789,609,2026-03-12T06:32:37.118Z,sample_text_3141,2025-07-20T17:17:52.032Z,sample_text_2252,sample_text_9884,7978,2026-03-17T05:30:20.393Z
6da564c5-867a-4bd1-f449-2aab9f2df01b,4c81bc97-321d-48c5-d316-8243b2e8187e,79e5f044-5921-46af-e429-0e1abee3f676,sample_text_3312,sample_text_4051,sample_text_987,561e1e75-0871-44a0-72ed-67851c0225d4,2025-07-24T03:39:15.389Z,771,sample_text_2709,77,2025-06-26T03:14:34.811Z,sample_text_7254,2026-04-03T23:31:52.556Z,sample_text_6143,sample_text_471,9612,2025-05-18T13:07:50.629Z
7dbace70-e667-4e37-6718-6a80ee20558a,76fb7096-3d5c-4180-3013-e7a55c8b02bb,79e5f044-5921-46af-e429-0e1abee3f676,sample_text_905,sample_text_287,sample_text_9589,ef3d55ee-ffbe-4aa1-4861-66a205d6d96b,2025-11-08T17:13:52.048Z,585,sample_text_1837,943,2025-05-23T07:50:46.014Z,sample_text_5048,2025-06-26T00:28:51.068Z,sample_text_8660,sample_text_7618,1574,2025-08-22T20:42:43.786Z
ac811b54-6a38-4c8b-b182-e144699afeb7,76fb7096-3d5c-4180-3013-e7a55c8b02bb,860a3465-bb03-456b-7d27-77ba03fcc17c,sample_text_2019,sample_text_2318,sample_text_1414,7f17e032-d88e-49db-59cd-8e9542ad77dc,2025-08-13T04:10:26.265Z,811,sample_text_7673,872,2025-11-29T12:36:26.196Z,sample_text_5267,2025-06-02T01:59:02.089Z,sample_text_1385,sample_text_9392,1006,2025-10-06T18:55:49.993Z
8d81a0cd-7420-42e7-cfa2-93953220f483,e536d26c-1212-499f-3401-979cc6978147,111c085a-6f28-4b2a-a108-52cd7549e417,sample_text_1282,sample_text_6990,sample_text_8792,8fa14b0a-5eff-4bf6-0c48-ba553d3d9ca8,2025-08-14T16:32:42.579Z,914,sample_text_3976,31,2025-11-11T18:37:35.368Z,sample_text_3019,2025-08-06T18:20:54.620Z,sample_text_8468,sample_text_2532,7008,2025-12-25T11:54:53.255Z
22f018c8-4fa8-4a45-9eae-86815990df6c,820e0d69-1dec-4fa2-7dff-4973e37417e7,b3ef1c79-3b28-4369-fe31-9b4db044e54c,sample_text_9573,sample_text_3635,sample_text_4991,e699eeb1-5e27-41cc-166b-e278a1179f4b,2025-06-06T22:46:04.763Z,254,sample_text_4445,249,2026-02-22T00:30:46.521Z,sample_text_5720,2025-10-16T18:39:20.307Z,sample_text_6910,sample_text_1416,6882,2025-12-11T23:38:37.895Z
61e9e3f1-d5e4-4b6e-313a-7d33c036935d,73370ee3-24e1-494c-b530-e79710873eeb,1e39a0ce-1646-4891-c972-7b4b426dc8c0,sample_text_9382,sample_text_9965,sample_text_4512,a56d28e2-89a9-46f0-589f-53aa56d819dd,2025-11-01T06:21:01.607Z,847,sample_text_1624,105,2025-10-10T20:44:24.130Z,sample_text_3770,2025-07-09T07:40:11.366Z,sample_text_3286,sample_text_6125,5575,2025-09-19T13:16:14.486Z
755a0662-1f98-41c3-747e-5fd2ca13cf6a,1c4d8e9f-05af-4567-fc15-60738335dd73,d17ef6c7-bb7a-410d-7fea-7091a4310c01,sample_text_9329,sample_text_7349,sample_text_5660,888b4277-1bcb-40ea-5fb3-a5e19b5da91a,2025-05-19T10:13:17.924Z,808,sample_text_7568,344,2025-05-03T02:42:01.985Z,sample_text_391,2026-03-15T22:17:10.710Z,sample_text_2012,sample_text_2138,5226,2025-08-06T10:16:28.648Z
fbb3ca40-a049-4189-c405-4ba5a9d57458,2a4e5e57-fab3-47be-aa17-438ff8cedd26,26e21ff5-5ea4-4398-fc41-06b008c463fb,sample_text_7532,sample_text_4712,sample_text_8889,76b81bf4-40f8-4434-6aba-66d35b13ce33,2026-02-25T09:05:29.123Z,773,sample_text_3300,190,2025-05-17T19:57:29.824Z,sample_text_6638,2025-12-19T04:31:22.999Z,sample_text_910,sample_text_4506,6235,2026-01-29T01:54:22.485Z
0b6520b3-3cb4-4156-3de2-62d98a44a05f,76fb7096-3d5c-4180-3013-e7a55c8b02bb,16f5452f-3b95-4155-847b-234597c78a49,sample_text_5402,sample_text_9292,sample_text_8788,e0369656-f562-4140-6ed2-8164f6c5225a,2026-02-02T02:57:13.571Z,274,sample_text_6398,657,2026-03-29T20:54:39.709Z,sample_text_7065,2025-11-21T22:10:49.622Z,sample_text_9151,sample_text_967,9772,2025-09-13T00:43:40.805Z
15f8d93d-a72d-42ad-08b8-e9e6bcc8b6cf,8fcce2e7-79c7-439d-1c00-1a62a46a56f2,07cefc28-c0e9-4e03-60ca-167ed66c5758,sample_text_3453,sample_text_6825,sample_text_7890,8e191039-8e62-42f3-dc37-55e76c537023,2026-02-14T00:10:13.785Z,722,sample_text_4779,667,2025-06-15T13:25:39.979Z,sample_text_7172,2025-07-01T17:13:57.565Z,sample_text_3087,sample_text_2647,17,2025-06-25T00:33:16.436Z
42aa83ae-b875-4d16-543e-2bc7279faa02,b9a92613-a49f-49ac-02ac-12389b77c55c,bc095f5d-9b5b-432c-e143-a1ae9f1cba10,sample_text_262,sample_text_1154,sample_text_2458,ea9fe4b9-6fa3-47da-ed03-9e47a7054191,2025-07-10T22:10:57.008Z,835,sample_text_2915,674,2025-12-05T13:45:01.227Z,sample_text_4625,2026-04-08T14:58:38.877Z,sample_text_757,sample_text_8357,3584,2026-03-07T13:38:06.860Z
b36be090-e824-45e2-b0f6-5453c8641720,a41d4030-6171-4181-a953-5d0104c592fd,a75dbf2a-04b6-4aab-c6dc-711da46109cc,sample_text_5419,sample_text_6770,sample_text_4869,2615091f-80c6-4560-6ccb-62e1730cc7b2,2026-04-03T17:38:48.027Z,541,sample_text_5634,741,2025-06-25T15:47:17.061Z,sample_text_3675,2025-06-28T01:16:06.868Z,sample_text_1345,sample_text_5511,7574,2025-06-07T09:53:24.424Z
9e66ee40-fa77-40a4-659d-418959ac4af4,f902ac6e-7076-46f8-2ee0-d0970401682b,f3956100-47c1-4a5e-10a3-f0d34d3c094f,sample_text_9604,sample_text_5356,sample_text_3664,9f76166d-f565-4e4d-10f5-f61fde088c1f,2025-11-07T04:48:51.596Z,629,sample_text_6284,767,2025-12-15T15:56:57.205Z,sample_text_2754,2025-08-19T07:23:06.739Z,sample_text_9560,sample_text_3917,6913,2025-07-24T02:29:52.769Z
6af308b1-80a8-447a-16f9-91ffb7441840,3f4d6f7d-05f7-4310-de9f-ae93e46984db,a75dbf2a-04b6-4aab-c6dc-711da46109cc,sample_text_1536,sample_text_2633,sample_text_7367,47b1e9ed-f458-48dd-88b6-6ac8ba979f2d,2026-03-28T21:47:42.356Z,31,sample_text_3118,126,2025-05-10T07:34:47.613Z,sample_text_1985,2025-05-01T23:34:32.839Z,sample_text_5155,sample_text_3240,737,2025-05-21T04:01:28.820Z
469b90fd-a80d-4f90-a0ee-878d2184f770,3a19d003-2447-4c77-d435-69866c42a3e8,cf4d10d2-2d7c-4057-55c8-219d694529ae,sample_text_2062,sample_text_4686,sample_text_3317,351566ba-d1d1-4f19-3172-348436eb38b2,2025-12-19T10:09:40.498Z,950,sample_text_4870,317,2026-02-12T04:57:50.066Z,sample_text_8181,2026-01-22T11:07:20.841Z,sample_text_6478,sample_text_1237,5273,2025-08-18T07:33:11.751Z
ba5af06f-6982-4888-9fb6-cfc2ee556e59,3f4d6f7d-05f7-4310-de9f-ae93e46984db,860a3465-bb03-456b-7d27-77ba03fcc17c,sample_text_3353,sample_text_7264,sample_text_5365,8864f8a0-6046-49fb-3a30-29342100c7e7,2025-06-11T00:38:55.088Z,373,sample_text_1154,529,2025-11-03T13:43:48.283Z,sample_text_7904,2025-07-03T05:47:27.002Z,sample_text_5313,sample_text_8086,6063,2025-11-23T14:55:16.960Z
c20e69d4-6c46-4ff7-feb2-82d5c22b8f8b,5b1b6bbb-ac85-477d-9a11-d480281a4b21,bada7572-b3b7-4d04-efd4-a5390f725c80,sample_text_9424,sample_text_3401,sample_text_4644,4b66b501-6872-4439-d242-429dc02b4bd0,2025-05-26T05:15:36.067Z,135,sample_text_8695,510,2025-07-16T17:21:41.623Z,sample_text_8972,2026-02-21T11:53:56.692Z,sample_text_9946,sample_text_502,2118,2025-12-01T17:24:31.464Z
daac33f9-1ff4-4098-4540-56009bfa7a8b,73370ee3-24e1-494c-b530-e79710873eeb,bfb79eb5-5232-4a8f-8bb5-52208734f2df,sample_text_8052,sample_text_1626,sample_text_3326,a174820a-38ea-40cb-22ea-7134c2ae28a6,2025-04-18T02:42:07.700Z,602,sample_text_552,913,2025-05-17T01:46:07.010Z,sample_text_5508,2025-11-23T15:58:04.483Z,sample_text_9014,sample_text_7419,9431,2025-06-04T08:28:17.138Z
6ca02fed-e8a9-46c9-b44a-3b8a44e3c121,820e0d69-1dec-4fa2-7dff-4973e37417e7,4fdd6380-44b1-4205-b0d4-a96211168a96,sample_text_5645,sample_text_4245,sample_text_7651,fc1e0bec-c7d6-4684-2b5e-6254edeb0b3e,2026-01-04T10:13:35.170Z,313,sample_text_616,233,2025-08-12T01:22:18.277Z,sample_text_6648,2025-12-22T05:02:43.577Z,sample_text_5159,sample_text_5950,944,2025-07-23T02:56:32.971Z
a6270cd5-1828-4db8-e20b-1646a8fa8c23,3f4d6f7d-05f7-4310-de9f-ae93e46984db,a2d85dfe-b21a-4c7f-447a-da8f39df4e15,sample_text_6984,sample_text_9831,sample_text_6967,3e8ece7b-fbb7-496c-1677-ab4fe474a35a,2026-02-06T06:41:05.820Z,746,sample_text_3838,947,2025-05-10T18:59:49.077Z,sample_text_2734,2026-04-03T22:32:05.383Z,sample_text_4841,sample_text_5826,2598,2025-11-25T07:17:06.538Z
093de019-5b1d-41fd-af78-899eddf0a937,94dc4310-c140-4af7-8a5b-88c24ff5a5d3,fc4e4748-4be9-441c-4d70-e14e167454eb,sample_text_9888,sample_text_6544,sample_text_1686,25c20020-5151-4ad8-b580-0c9abdec6202,2025-12-18T02:18:21.828Z,10,sample_text_4511,891,2025-11-22T00:25:47.053Z,sample_text_8052,2025-09-02T08:58:45.998Z,sample_text_281,sample_text_9539,132,2026-03-20T13:51:53.150Z
de26f6a3-f176-4bec-83e2-2506e1005924,c41be56c-1b03-4f83-3798-7ff82c84c273,a2d85dfe-b21a-4c7f-447a-da8f39df4e15,sample_text_1848,sample_text_8329,sample_text_9093,6c23a35e-996a-4a7b-402b-dcc65d087c11,2026-03-20T08:45:44.658Z,544,sample_text_7790,979,2025-05-22T02:06:01.345Z,sample_text_9268,2025-10-21T23:55:26.021Z,sample_text_2742,sample_text_4770,122,2026-03-23T02:28:07.185Z
bca27a97-b63b-4389-4ff1-9e59716f8d24,baeb778f-0236-4ea0-497b-a0d46e5c6619,c3c1bb8a-19ad-4d6b-ecd1-07e289421a81,sample_text_5604,sample_text_8032,sample_text_4507,76d44403-cfc4-4739-da2f-120951731174,2025-10-23T13:11:05.220Z,447,sample_text_3997,949,2025-10-29T12:43:10.289Z,sample_text_3239,2025-08-06T16:41:28.386Z,sample_text_2399,sample_text_7680,8327,2026-02-09T08:32:26.906Z
30b2c9c9-360a-4d82-0de2-68041ee2075e,5eca5363-069f-462b-ef13-7dba299c99d9,bada7572-b3b7-4d04-efd4-a5390f725c80,sample_text_7765,sample_text_9304,sample_text_4265,7b151ac2-e4a0-4e50-1908-343eb843793c,2025-06-24T09:50:16.756Z,998,sample_text_6780,75,2025-10-17T07:33:12.576Z,sample_text_8757,2025-05-03T10:39:05.880Z,sample_text_9130,sample_text_5576,3266,2025-11-14T03:15:35.513Z
31aadfae-1b6e-41a1-e540-5b06367da8ba,b9a92613-a49f-49ac-02ac-12389b77c55c,43522357-f048-46a2-dad8-bbbd4fc70b36,sample_text_1031,sample_text_7069,sample_text_2053,c83ccac1-a160-4e43-e3d0-08b98ef95303,2026-02-21T08:38:43.853Z,774,sample_text_2185,891,2026-03-01T07:36:36.132Z,sample_text_102,2026-03-20T02:21:53.581Z,sample_text_5937,sample_text_3660,400,2025-10-08T16:43:06.139Z
d3334f2f-7c09-4f39-dd50-8b060d5e437b,59faa8f0-e266-467f-aa62-7fd97008cad7,be94f7f8-f561-4f00-a8fc-671afe7663ac,sample_text_4323,sample_text_3988,sample_text_8866,e7358f64-6431-43ba-b799-16258364d478,2025-12-27T19:58:05.749Z,107,sample_text_2400,731,2025-06-18T15:09:41.329Z,sample_text_4695,2025-09-14T21:18:07.252Z,sample_text_1220,sample_text_1564,1768,2026-03-10T23:22:28.998Z
4e33417f-d934-4cdb-cd7e-df41cadc57ec,2a4e5e57-fab3-47be-aa17-438ff8cedd26,7143354f-b151-4634-c60b-c973e4f80db9,sample_text_407,sample_text_9651,sample_text_7568,9749a465-2fef-45a6-b449-f40ab26bb1ef,2026-03-15T12:55:00.938Z,716,sample_text_4150,425,2025-08-03T09:36:48.458Z,sample_text_6735,2026-02-14T08:05:32.479Z,sample_text_7531,sample_text_4755,8051,2025-11-30T03:22:36.516Z
adbe382e-53fb-4608-6f4f-debd993b53fc,5b1b6bbb-ac85-477d-9a11-d480281a4b21,f3956100-47c1-4a5e-10a3-f0d34d3c094f,sample_text_6597,sample_text_5088,sample_text_5933,c4c41308-abe0-4e43-eff6-62f7cb81f2aa,2025-12-18T03:31:48.294Z,316,sample_text_164,33,2026-04-06T09:07:35.395Z,sample_text_7856,2025-07-01T21:17:36.233Z,sample_text_4710,sample_text_8261,3649,2025-11-08T17:08:58.140Z
0f46d596-999a-498f-4f50-9ac3de524463,fe4720c1-f369-4760-b122-6b324f08f3a3,8c061942-b227-4739-0790-ee80dcf3f5c7,sample_text_4001,sample_text_9155,sample_text_7291,fa8cd61c-b2da-47c0-9d38-6ef554a8b484,2025-06-20T08:20:52.531Z,936,sample_text_7812,396,2026-02-08T01:03:09.167Z,sample_text_5922,2025-08-28T15:32:13.088Z,sample_text_8421,sample_text_4248,7205,2025-06-08T15:24:02.996Z
e3a7337d-5cb2-453c-a866-6a9d7f3814e8,f56bd850-ae1d-4c12-1f67-ecd289df1620,07cefc28-c0e9-4e03-60ca-167ed66c5758,sample_text_8671,sample_text_8812,sample_text_4869,4afb2350-edb9-4e32-c613-dda8072826eb,2026-04-03T23:39:11.783Z,15,sample_text_7513,465,2026-01-09T07:36:27.450Z,sample_text_6801,2026-02-26T00:12:57.097Z,sample_text_189,sample_text_564,8155,2025-05-30T12:49:15.020Z
69fd18a0-4d99-4523-c068-02e17b8cdf15,2bd4f3bc-df4b-49c7-997f-c11868da495a,d17ef6c7-bb7a-410d-7fea-7091a4310c01,sample_text_1750,sample_text_7917,sample_text_9074,b7fcab3b-792d-4026-a08d-f902bc85922b,2025-08-20T00:07:38.972Z,612,sample_text_3165,375,2025-07-27T19:17:50.697Z,sample_text_6396,2026-03-10T11:34:47.040Z,sample_text_6843,sample_text_114,7099,2025-06-30T14:58:43.400Z
c7c120ef-b81f-467f-c20b-b6a518540989,aed83b90-feeb-480d-e57c-176768104c81,8dcbf7fd-11f9-49a9-f4a8-ea228e39f682,sample_text_6631,sample_text_1862,sample_text_998,a1a8607c-7595-495c-6ed1-4516a36e43d5,2025-12-11T17:54:12.292Z,455,sample_text_5345,346,2025-11-08T09:43:55.785Z,sample_text_3445,2025-12-02T02:40:54.670Z,sample_text_9061,sample_text_8759,5554,2025-10-06T09:29:30.761Z
f30defcb-9caa-4b6f-f9f8-2c472d4c1b5a,7d85b267-ac94-499b-94c1-eff3632a4d8b,1e39a0ce-1646-4891-c972-7b4b426dc8c0,sample_text_4955,sample_text_4275,sample_text_2307,d20cb31c-56ac-468e-9793-41ae3f1af4e6,2025-09-18T16:22:46.300Z,225,sample_text_4248,361,2026-04-07T02:55:48.606Z,sample_text_2298,2025-07-07T03:41:28.618Z,sample_text_2203,sample_text_9737,5145,2025-12-18T07:18:07.941Z
f0bed937-cfbe-4a66-a0e1-4e24221a6089,1eca3985-996e-497f-4644-294968d742b8,1e39a0ce-1646-4891-c972-7b4b426dc8c0,sample_text_6598,sample_text_4276,sample_text_2741,6c560753-2671-429f-ba3f-017fd79c5b86,2025-12-10T09:54:32.714Z,468,sample_text_5695,982,2026-02-02T20:54:08.140Z,sample_text_4570,2026-01-14T17:14:05.678Z,sample_text_631,sample_text_3722,4993,2025-07-14T02:43:04.668Z
b4bd8d15-5842-43be-41c3-c611e0528f0a,2bd4f3bc-df4b-49c7-997f-c11868da495a,bada7572-b3b7-4d04-efd4-a5390f725c80,sample_text_1187,sample_text_7219,sample_text_9405,c68b8329-416e-4a29-d179-0e27d70d7e73,2025-09-12T03:49:12.692Z,113,sample_text_4878,631,2025-08-06T00:03:55.650Z,sample_text_9478,2026-01-06T08:37:22.731Z,sample_text_1371,sample_text_7509,5886,2026-03-21T04:28:44.304Z
932314b8-6951-41f9-1c1c-51c81125a98e,0898bc8a-8083-4b0c-faf9-0f5d0224e73e,1d0b5c14-92dc-4b46-186e-95dbd5f2fde7,sample_text_3445,sample_text_4690,sample_text_5814,280df2ff-6981-497d-8253-f314d32ef221,2025-11-30T12:19:36.316Z,115,sample_text_37,27,2025-05-24T01:59:11.579Z,sample_text_6842,2026-01-13T23:45:43.533Z,sample_text_5091,sample_text_4330,3192,2025-11-06T03:36:02.166Z
980a0076-cf70-45d0-3f72-76fe83158838,3f4d6f7d-05f7-4310-de9f-ae93e46984db,07cefc28-c0e9-4e03-60ca-167ed66c5758,sample_text_3381,sample_text_8834,sample_text_2962,0a68d2f4-b11f-495a-5886-912d20bbb558,2025-12-26T13:24:20.335Z,703,sample_text_5285,862,2025-12-26T03:36:39.261Z,sample_text_7025,2025-11-11T07:31:53.632Z,sample_text_1165,sample_text_7183,8195,2025-08-18T21:01:48.422Z
68dcfa0a-152e-49c1-ce83-5adf76e201c3,94dc4310-c140-4af7-8a5b-88c24ff5a5d3,c3c1bb8a-19ad-4d6b-ecd1-07e289421a81,sample_text_1915,sample_text_2868,sample_text_8310,819b1f7f-d0b9-4ce8-c829-570dd2891b22,2026-01-29T14:32:33.421Z,643,sample_text_3822,151,2025-10-18T12:39:43.645Z,sample_text_4575,2025-08-02T11:30:44.718Z,sample_text_6128,sample_text_7975,929,2026-03-24T06:30:59.045Z
ce565354-6af3-4c74-262f-1970ff2c9058,1eca3985-996e-497f-4644-294968d742b8,63eb864d-d6b2-46f4-65a7-8459624407b5,sample_text_9847,sample_text_4036,sample_text_311,30b9ea87-049b-451f-66aa-ce5f85cd925e,2025-12-29T07:25:45.885Z,345,sample_text_3269,389,2025-06-17T21:22:29.459Z,sample_text_8987,2025-09-03T07:03:32.682Z,sample_text_3680,sample_text_6173,610,2026-03-15T19:33:02.616Z
20e0aeaf-b4b8-44f3-cd34-84be41129bb2,c41be56c-1b03-4f83-3798-7ff82c84c273,bfb79eb5-5232-4a8f-8bb5-52208734f2df,sample_text_4007,sample_text_3600,sample_text_3505,42467e0f-37ab-4ebc-fd77-f2d70906da31,2025-04-27T11:51:33.555Z,117,sample_text_7130,627,2025-08-29T21:35:22.911Z,sample_text_5253,2025-11-08T09:09:36.654Z,sample_text_8637,sample_text_4642,3537,2025-10-13T08:43:35.848Z
bd47a94a-c46d-44fe-7a76-6b6ea46f8fc7,5eca5363-069f-462b-ef13-7dba299c99d9,76041526-8421-44bf-19eb-98578cd0ae1e,sample_text_8068,sample_text_8002,sample_text_3966,52832a1b-b00f-44c7-69c5-e850f9fff95c,2025-07-07T22:57:54.289Z,445,sample_text_6261,363,2025-09-30T19:19:41.804Z,sample_text_1691,2025-08-04T00:45:06.741Z,sample_text_4641,sample_text_3257,2896,2025-10-19T08:35:49.715Z
1c3a1e32-69bc-4ada-1349-9f7159af7f2f,e536d26c-1212-499f-3401-979cc6978147,d76a3e22-7830-461d-dd6f-8850fe971d1d,sample_text_9586,sample_text_2770,sample_text_2605,c7fff494-2af7-4b89-8278-d97a14a5a34b,2025-11-17T12:33:27.873Z,886,sample_text_8991,259,2026-02-18T14:05:40.581Z,sample_text_4067,2026-01-06T18:31:52.018Z,sample_text_9523,sample_text_6745,1893,2025-11-13T07:09:37.697Z
a2023572-8b8d-45d4-f586-9f404f5bc065,eb97341d-2385-4175-9a86-c3256608e18e,582da957-9c62-4af9-240e-758e17e78191,sample_text_1559,sample_text_4179,sample_text_3778,f1f592e9-37e7-4313-c0b7-2f0d908c6cd3,2025-11-29T18:16:04.092Z,199,sample_text_7817,710,2026-02-01T23:10:22.750Z,sample_text_28,2025-08-01T02:32:19.290Z,sample_text_1123,sample_text_1456,2550,2025-11-01T03:21:27.205Z
e381c120-24a4-46e2-07b3-9fb76ca88f1f,eb97341d-2385-4175-9a86-c3256608e18e,b3ef1c79-3b28-4369-fe31-9b4db044e54c,sample_text_8413,sample_text_6021,sample_text_9860,afc034bb-b813-42a0-7264-ae344ef83aa1,2025-05-13T02:45:51.965Z,875,sample_text_8363,274,2025-05-23T16:44:08.867Z,sample_text_9684,2025-07-12T10:41:19.770Z,sample_text_682,sample_text_5728,6730,2025-10-08T18:28:10.962Z
09bfab34-f645-4179-f097-d7912290d5fe,f902ac6e-7076-46f8-2ee0-d0970401682b,76041526-8421-44bf-19eb-98578cd0ae1e,sample_text_2663,sample_text_1536,sample_text_4983,3c116583-74d4-45b8-2ef5-6f5233db244f,2025-05-16T03:41:13.547Z,738,sample_text_2829,666,2025-08-16T00:15:20.989Z,sample_text_1725,2025-10-22T01:33:53.936Z,sample_text_8438,sample_text_5202,9039,2025-04-16T03:29:09.311Z
36065957-b25d-4526-ca49-6fbc0a2e1864,5eca5363-069f-462b-ef13-7dba299c99d9,45e2fa90-13d7-486e-23d4-eba8e889dbf0,sample_text_9882,sample_text_180,sample_text_2130,b0f82597-4981-42af-772a-1956ff2137cb,2026-04-09T13:19:54.893Z,397,sample_text_6767,904,2025-07-21T23:02:30.756Z,sample_text_2342,2026-03-27T20:55:00.362Z,sample_text_5425,sample_text_6671,563,2025-12-03T05:12:43.467Z
3d5ce245-1830-41d8-327e-1db13e4da0f7,f0fe80e2-ee98-4631-fd46-bedaa4937130,b89b016a-407f-4d6b-97e6-ea571f0147f0,sample_text_8255,sample_text_1815,sample_text_1860,c27c344f-8f62-4bff-dc3a-1b05fb982977,2026-01-20T10:41:52.933Z,555,sample_text_4836,889,2025-07-31T16:55:05.386Z,sample_text_3098,2025-06-25T21:17:35.352Z,sample_text_2836,sample_text_1973,6748,2025-09-08T15:04:34.244Z
dacf77f1-dccb-4dc0-0b05-925b5be636d1,661bcb95-f84e-4871-e1c4-675bf8171439,8dcbf7fd-11f9-49a9-f4a8-ea228e39f682,sample_text_1888,sample_text_6322,sample_text_4099,7996c338-a021-4c8e-31ed-a9c0a467f1de,2026-01-22T19:56:39.371Z,512,sample_text_1347,970,2026-01-20T12:35:18.660Z,sample_text_3343,2025-11-18T19:35:31.226Z,sample_text_2601,sample_text_4348,5347,2025-08-04T21:27:45.962Z
68377b0f-81bb-4a44-8aa2-e37d08632706,b9a92613-a49f-49ac-02ac-12389b77c55c,cec22922-4a74-466b-ac47-f388cacfed91,sample_text_6048,sample_text_3812,sample_text_6364,9bb6eec7-7b25-420f-772f-07893562f573,2025-09-25T03:53:19.796Z,778,sample_text_5759,524,2025-09-15T23:49:34.475Z,sample_text_3324,2025-11-11T02:18:40.073Z,sample_text_2197,sample_text_3782,6965,2025-11-02T12:32:32.403Z
ce2658b6-3b85-4f05-3250-55524ac92841,930d6afd-4225-4c87-6245-39cb7a7a0d26,39c79f81-c711-4914-a3d5-d87dbb4f9e05,sample_text_1042,sample_text_7504,sample_text_5450,407cd246-1959-4d94-23ad-28b92d81c4d1,2026-01-05T08:27:10.189Z,40,sample_text_3909,620,2026-03-02T13:30:30.627Z,sample_text_3757,2026-01-28T22:03:46.319Z,sample_text_7994,sample_text_493,168,2025-05-26T19:55:30.320Z
514cb354-d5cb-42f3-7489-ddc33c3c2b52,e536d26c-1212-499f-3401-979cc6978147,c3c1bb8a-19ad-4d6b-ecd1-07e289421a81,sample_text_6012,sample_text_6790,sample_text_5301,c9b6cac2-03b7-492d-9619-e8c655394ca8,2026-01-10T11:07:59.396Z,957,sample_text_8464,447,2025-10-11T01:38:17.647Z,sample_text_1652,2025-06-25T09:34:34.430Z,sample_text_4252,sample_text_9048,5621,2025-09-29T22:30:36.993Z
e2593374-c101-401f-8ce4-0020780e05f1,f902ac6e-7076-46f8-2ee0-d0970401682b,8c061942-b227-4739-0790-ee80dcf3f5c7,sample_text_9592,sample_text_8162,sample_text_7491,287a2dbc-0531-466c-3e00-3b850a911e4e,2025-04-17T22:37:49.219Z,916,sample_text_4289,59,2026-02-16T16:07:40.890Z,sample_text_9230,2025-05-09T05:15:29.947Z,sample_text_5911,sample_text_9435,8164,2026-02-25T12:38:30.696Z
76625bb7-49a8-4194-27fc-245c6f6dc819,b9a92613-a49f-49ac-02ac-12389b77c55c,bc095f5d-9b5b-432c-e143-a1ae9f1cba10,sample_text_1686,sample_text_9775,sample_text_1699,9a67faf3-d7fa-4087-b0d4-447344446c99,2025-12-03T23:25:03.230Z,88,sample_text_9971,850,2025-10-03T21:11:56.289Z,sample_text_759,2025-09-19T09:08:39.331Z,sample_text_3005,sample_text_7239,6054,2025-05-11T18:00:48.539Z
6b2e65cb-31e3-43a7-c9bc-3411e94ad04b,1eca3985-996e-497f-4644-294968d742b8,26e21ff5-5ea4-4398-fc41-06b008c463fb,sample_text_3565,sample_text_8766,sample_text_2706,07237eea-8a0a-4982-e382-f3a5da668cec,2025-11-02T22:52:36.415Z,553,sample_text_1278,893,2025-04-19T04:01:36.344Z,sample_text_106,2025-08-09T13:55:55.206Z,sample_text_9976,sample_text_1528,5198,2026-03-20T22:30:56.989Z
3968994d-4019-4dfb-c17b-8e01f5574277,4ca6797c-e546-4f8b-df90-dbb08907d99e,bada7572-b3b7-4d04-efd4-a5390f725c80,sample_text_5434,sample_text_3135,sample_text_5097,2ebf42c6-aa77-4020-ef34-805ff1a958fe,2025-04-29T08:46:13.189Z,919,sample_text_5204,516,2026-03-20T03:26:03.976Z,sample_text_9608,2025-10-21T04:19:33.089Z,sample_text_4194,sample_text_4037,2663,2025-04-18T00:14:43.195Z
16889d56-79ea-4f09-4e7e-ff7adeffa296,59faa8f0-e266-467f-aa62-7fd97008cad7,7234ec59-fc60-4ce0-23de-2ac6d3ce0592,sample_text_4478,sample_text_985,sample_text_7279,ec0480a9-1d12-4588-4d5e-4cf3b4c08e95,2025-09-10T00:42:31.616Z,524,sample_text_594,819,2025-07-18T10:34:16.261Z,sample_text_1206,2025-12-08T01:38:02.356Z,sample_text_3226,sample_text_7373,7686,2025-05-15T23:43:44.660Z
d6cd0dcc-3313-470a-23ce-66bf9b718f08,837a9baf-7fed-4fe4-630e-eeaf60164bcb,a2d85dfe-b21a-4c7f-447a-da8f39df4e15,sample_text_2600,sample_text_3234,sample_text_4978,ffc8ffd2-fd93-474e-a59d-6b479b66e53d,2026-04-02T04:44:18.918Z,46,sample_text_195,675,2026-04-04T16:33:47.330Z,sample_text_3073,2025-12-18T01:20:21.899Z,sample_text_4470,sample_text_2147,8270,2025-10-27T17:54:09.281Z
0bad6442-bcdf-4fa9-9988-4424eecf5888,2e858920-a13b-46d3-3f94-8050bb03f098,26e21ff5-5ea4-4398-fc41-06b008c463fb,sample_text_16,sample_text_8329,sample_text_6812,d5066c43-e9aa-4c5f-2658-968f3fbba32f,2025-08-02T04:14:22.002Z,814,sample_text_8618,440,2025-12-27T20:08:25.354Z,sample_text_9715,2026-03-06T17:28:29.874Z,sample_text_9446,sample_text_3162,9804,2025-08-23T22:10:22.293Z
4a6eae98-99f3-4ba5-811a-2b13bc0e5ac4,314cdd92-266e-488d-cf88-6e18f6db8ca6,111c085a-6f28-4b2a-a108-52cd7549e417,sample_text_7915,sample_text_6801,sample_text_7281,64d83953-9e4f-4f1c-16ef-8b5476be654b,2025-10-13T23:44:57.569Z,329,sample_text_702,677,2026-02-03T18:51:20.523Z,sample_text_8773,2025-08-18T00:02:29.876Z,sample_text_6674,sample_text_2213,3593,2026-03-19T14:44:27.306Z
1fb647bb-4e44-43f7-a3f8-b80dfa963e0d,89bd14e2-cf78-45ab-904a-7a7f0f4a4010,09e2485a-b36b-473b-ae49-79585cd5f651,sample_text_1548,sample_text_3859,sample_text_7095,b7fbfb9a-9423-422c-de88-f9c6e9b02b27,2026-01-30T02:22:37.827Z,786,sample_text_8462,57,2025-05-25T00:08:55.778Z,sample_text_1411,2025-05-10T19:54:58.479Z,sample_text_5182,sample_text_1887,3969,2026-03-22T21:13:54.239Z
1818689a-0fcf-4901-ec6a-c18ff2ef786b,94519cc1-bdc7-4549-769e-8964efcea7c6,07a16675-23e5-43a4-cbf7-a5010ffea499,sample_text_145,sample_text_4218,sample_text_4184,9b9fcb52-9e14-4944-60e9-ad7963250482,2026-01-13T20:52:31.992Z,373,sample_text_8257,126,2025-04-30T00:54:30.381Z,sample_text_8965,2025-12-08T19:41:39.748Z,sample_text_5823,sample_text_6360,1213,2026-04-05T12:27:19.651Z
423caf2a-4fed-42ab-d7f7-c2f72c547aa3,5b1b6bbb-ac85-477d-9a11-d480281a4b21,7c5b184c-9050-44a8-16f2-7604e8058e38,sample_text_3643,sample_text_7591,sample_text_2646,12339cb5-ef47-4b25-9657-1f3d4afe6867,2025-06-21T16:43:48.762Z,32,sample_text_7770,648,2025-08-13T12:09:34.004Z,sample_text_1467,2025-08-29T13:50:07.492Z,sample_text_925,sample_text_5590,839,2025-05-08T16:23:14.353Z
92f60916-2d81-449b-3c88-2e916d50ad93,2e842555-494e-4eac-25b2-d2a4430cc9ed,79e5f044-5921-46af-e429-0e1abee3f676,sample_text_5698,sample_text_895,sample_text_3295,371077de-c9e2-4008-f4f2-592a5634a556,2025-04-23T03:45:20.849Z,962,sample_text_341,949,2025-06-10T03:54:49.249Z,sample_text_5481,2025-09-27T21:44:41.464Z,sample_text_9266,sample_text_2277,8354,2026-01-03T19:10:34.747Z
c8834a14-041c-4dd1-c262-9b2050ce9b97,f0fe80e2-ee98-4631-fd46-bedaa4937130,5e476ebc-c171-4a0e-10da-4c9b164da5e2,sample_text_8824,sample_text_2028,sample_text_817,e1bd04cb-f3e5-4092-73c5-47410a884bc4,2025-05-02T15:41:15.232Z,464,sample_text_3144,967,2025-10-07T09:32:05.994Z,sample_text_693,2025-09-17T08:53:29.787Z,sample_text_8059,sample_text_5977,4659,2025-11-10T14:02:20.402Z
6bfc567c-4b48-4ae2-7ad7-7266e95a76cd,aed83b90-feeb-480d-e57c-176768104c81,d17ef6c7-bb7a-410d-7fea-7091a4310c01,sample_text_9344,sample_text_6178,sample_text_9681,559485c8-7c48-4caf-dbb9-b6ffc9450f44,2025-04-17T01:58:52.609Z,78,sample_text_1787,950,2025-08-31T02:32:32.884Z,sample_text_4743,2025-09-23T12:14:55.002Z,sample_text_4256,sample_text_7722,3950,2025-05-14T05:36:04.617Z
76437ca9-777b-4be0-c48d-e0f492b5dcd8,13905047-dc05-4f11-21d1-ceb2ff2a4ead,cec22922-4a74-466b-ac47-f388cacfed91,sample_text_6317,sample_text_5542,sample_text_5926,1a79b37b-3ddb-499d-7292-5335fcf88a36,2025-08-25T22:31:37.168Z,388,sample_text_7166,538,2025-12-13T06:40:17.975Z,sample_text_4736,2025-05-22T23:00:28.217Z,sample_text_1666,sample_text_8978,7691,2026-03-21T00:16:03.343Z
