status,id,created_at,updated_at,school_id,student_id,created_by_user_id,assigned_to_user_id,type,title,description,priority,start_date,target_end_date,actual_end_date,goal,success_criteria,baseline_value,target_value,current_value,progress_notes,outcome_summary,was_successful,metadata,is_stale
in_progress,81bdd85f-842c-462f-80f2-77e9a08b68bb,2025-07-07T09:00:58.573Z,2025-09-09T06:53:56.886Z,16c0f045-ad9e-4d23-8922-374a2534b914,7e8ad38f-d17c-4824-3c91-c8579a6b5e5f,6601188e-454e-46f8-39d3-12e3a2450d73,e4a45791-4bec-432e-83c4-834772750abf,family_engagement,Executive Function Coaching,sample_text_4157,urgent,2025-04-18T17:26:57.291Z,2025-06-12T18:57:54.263Z,2026-04-04T02:37:36.515Z,Improve student outcomes in behavior,sample_text_5735,243.81,893.34,701.8,sample_text_8526,sample_text_7806,false,sample_text_4236,true
completed,2aec5726-4c1e-417e-c6cf-9881808fd293,2025-08-26T01:18:09.250Z,2025-12-26T12:27:44.626Z,930d6afd-4225-4c87-6245-39cb7a7a0d26,74996144-2438-4454-03fb-d777b4c9db8b,7eb2d58e-90b4-4cb6-235b-f52575ca8c43,074f3f9d-1d98-495a-36ce-ea4c10de32e7,attendance,Reading Fluency Support,sample_text_898,medium,2026-03-09T17:49:09.755Z,2025-12-21T07:10:23.582Z,2025-08-16T21:56:18.147Z,Improve student outcomes in academic,sample_text_8357,77.95,807.4,901.73,sample_text_9438,sample_text_7455,false,sample_text_261,true
in_progress,53916321-ba31-43c5-4662-702e1f8fc3b9,2026-02-14T02:27:38.912Z,2026-03-27T21:02:11.969Z,469af544-bb26-4d4c-4b28-ab15c4812991,4361747f-bbcd-4426-e55e-5ac00ba3e695,b68d9d85-277a-4f14-1564-cbb9598388f9,e4a45791-4bec-432e-83c4-834772750abf,attendance,One-on-One Tutoring,sample_text_5273,high,2025-07-01T11:12:58.841Z,2026-02-24T21:39:42.233Z,2025-12-20T17:20:51.466Z,Improve student outcomes in sel,sample_text_9883,594.76,704.56,924.51,sample_text_7617,sample_text_920,true,sample_text_9590,true
planned,2816ccd1-fce4-4fb5-0fbb-dfb23ed54240,2026-01-20T22:45:13.975Z,2025-08-14T13:06:07.570Z,16c0f045-ad9e-4d23-8922-374a2534b914,230051a7-77f6-49c9-6d7a-c1c341da56c9,ea49fb72-2050-42e2-81c3-091e5dbcc276,1f944d7a-c145-4606-b226-ca59addffefd,academic,Peer Mentoring,sample_text_600,urgent,2025-10-04T04:59:03.735Z,2025-04-25T01:23:37.666Z,,Improve student outcomes in attendance,sample_text_3187,967.68,728.3,791.23,sample_text_8496,,,sample_text_9028,true
in_progress,da56bf9e-670d-458d-06b7-c28efe44bae9,2025-04-12T20:29:49.811Z,2026-01-23T06:05:50.655Z,837a9baf-7fed-4fe4-630e-eeaf60164bcb,43a0c009-5096-4beb-ceb2-2e90d29fa6d1,6cd68fef-f7ed-4b57-a09f-e6e7ee2302bd,f8d9b2f5-6abe-4500-e812-54aa85e6d1f7,attendance,One-on-One Tutoring,sample_text_777,medium,2025-10-26T20:57:50.799Z,2025-12-08T18:14:42.361Z,2026-02-12T19:27:07.694Z,Improve student outcomes in family_engagement,sample_text_5156,70.41,677.46,957.93,sample_text_4781,sample_text_1068,false,sample_text_334,false
in_progress,02921be7-21ab-4274-eb8c-fd17367ef932,2026-04-07T08:13:55.366Z,2025-11-21T09:57:09.502Z,16c0f045-ad9e-4d23-8922-374a2534b914,3e4e588f-bb13-48f9-ae27-231d699b174f,65b719d4-a6d4-4c9f-1165-ea0ebe168811,ade33206-8c00-4f20-4bf1-7781c1eb9609,behavior,Credit Recovery Program,sample_text_7343,high,2025-11-12T13:13:17.594Z,2025-05-21T18:45:28.503Z,2026-01-26T01:05:32.495Z,Improve student outcomes in attendance,sample_text_684,895.61,518.25,683.4,sample_text_7578,sample_text_1543,false,sample_text_2169,false
completed,ec3dd584-9571-48a4-dbfd-905d9bdad20d,2025-08-23T08:22:46.704Z,2026-01-15T14:03:58.310Z,3d03d7a9-93e0-4b8e-6b5b-e7f8337fab48,7b4e9cee-f4ce-4983-6f42-9424ff347d5a,621e454c-d590-4953-4dc4-27d658cef254,13815186-454f-4056-c0e4-2d163f76617d,sel,Positive Behavior Intervention,sample_text_5031,medium,2025-12-02T09:56:44.479Z,2025-06-15T17:13:52.613Z,2026-02-27T12:26:01.380Z,Improve student outcomes in academic,sample_text_5991,524.91,620.57,433.59,sample_text_991,sample_text_3610,true,sample_text_8521,false
in_progress,aafbdce4-b166-4344-e700-6fcd4aaa8f29,2025-04-23T22:19:20.724Z,2025-09-23T19:06:28.438Z,4f68cba7-6170-4ab1-21f9-a7a23a74f8c0,19b0ce65-5cea-46af-9685-0855cb090984,ea49fb72-2050-42e2-81c3-091e5dbcc276,b68d9d85-277a-4f14-1564-cbb9598388f9,academic,Positive Behavior Intervention,sample_text_7986,urgent,2025-10-12T09:31:12.061Z,2025-09-22T15:45:32.532Z,2026-01-12T05:11:08.335Z,Improve student outcomes in family_engagement,sample_text_1303,432.32,56.81,886.05,sample_text_5508,sample_text_3693,false,sample_text_3468,false
planned,6f646e24-7167-4f14-1525-7476ae2c26ef,2025-09-14T15:32:25.646Z,2026-02-05T12:08:40.164Z,16c0f045-ad9e-4d23-8922-374a2534b914,a9f9f807-e129-4f29-9091-c45f8770da1a,74bd910d-f592-4d1d-0e88-4bd9512f610b,234b0627-79ac-4de2-9e5f-3deaab1f438f,attendance,Credit Recovery Program,sample_text_5948,high,2025-04-28T18:28:05.164Z,2025-12-05T02:31:45.576Z,,Improve student outcomes in sel,sample_text_970,4.36,663.4,614.96,sample_text_7912,,,sample_text_827,true
completed,7cd8bff5-4341-4461-ae03-af249bc974f9,2025-07-01T19:31:48.202Z,2025-07-04T14:54:20.093Z,1612581f-ee93-42bd-8ca1-106ca3f5fb8d,25984c0e-a7ff-4156-822e-ec2fb55f198a,db60da3b-65f5-43f8-0cf6-3a1af6e416bd,9eaa373f-8df1-4b6c-b2c9-c62b6f3363fe,academic,Academic Recovery - ELA,sample_text_6937,urgent,2026-02-07T13:37:16.601Z,2025-10-26T09:31:43.395Z,2025-11-25T20:15:57.551Z,Improve student outcomes in family_engagement,sample_text_4667,809.29,646.4,17.58,sample_text_3547,sample_text_3215,false,sample_text_3391,false
in_progress,a70b1f5f-95d9-4a6b-0910-a715243975f7,2025-07-30T11:58:48.961Z,2025-12-30T06:50:06.624Z,3f4d6f7d-05f7-4310-de9f-ae93e46984db,ab6bc2eb-0064-48a7-7f0c-9a1783bcd064,f8d9b2f5-6abe-4500-e812-54aa85e6d1f7,c6fb6b4b-9efd-4a20-fd85-28ef5167ab5d,sel,Social Skills Group,sample_text_8772,medium,2025-10-16T07:47:35.418Z,2026-03-27T02:11:54.164Z,2026-01-06T20:15:33.238Z,Improve student outcomes in academic,sample_text_6280,743.71,932.7,982.51,sample_text_3756,sample_text_1802,true,sample_text_2110,false
in_progress,4eb401f1-2970-4058-6e97-a97a6fb8e8b7,2025-10-11T12:19:42.024Z,2025-08-24T16:49:05.016Z,4c81bc97-321d-48c5-d316-8243b2e8187e,2f04b13c-c50c-4de2-5f7d-f7ef75d312f1,c6fb6b4b-9efd-4a20-fd85-28ef5167ab5d,1f8bb59a-e0eb-4b2b-fe13-07a0c2675cb8,family_engagement,Math Intervention - Tier 2,sample_text_5893,medium,2025-07-12T17:16:28.651Z,2026-04-02T06:21:31.122Z,2025-06-18T10:44:38.874Z,Improve student outcomes in sel,sample_text_5684,860.16,324.36,891.33,sample_text_3487,sample_text_6474,true,sample_text_173,true
in_progress,04f767dc-1a7c-43e8-2019-c5577d3ae052,2025-11-10T04:23:43.863Z,2026-01-13T06:59:02.226Z,3a19d003-2447-4c77-d435-69866c42a3e8,7e33c19d-304d-44cf-6308-c84646b5b9b6,addfc86c-41af-41c3-ce53-f3cc7fcccdf6,e4b1ae0d-39bf-42a5-dfb9-7a9275ba3f82,attendance,One-on-One Tutoring,sample_text_396,low,2025-07-14T09:58:52.464Z,2025-12-24T18:34:16.227Z,2025-11-05T13:48:38.433Z,Improve student outcomes in attendance,sample_text_4616,120.25,525.66,102.37,sample_text_2548,sample_text_9023,false,sample_text_7003,false
completed,e2e17755-5579-455b-5775-badd073cd6e2,2025-07-12T14:37:22.048Z,2026-01-23T21:26:44.921Z,f902ac6e-7076-46f8-2ee0-d0970401682b,26241fc8-1326-4f27-2a84-eb284a0bd4ba,2fd3b0e9-a8a5-42ef-ecf1-96898dccef87,616cd82a-150d-43e4-e90b-50dd3877886b,behavior,Social Skills Group,sample_text_6109,medium,2025-12-16T05:27:39.655Z,2025-05-12T12:40:17.626Z,2025-06-10T23:32:22.167Z,Improve student outcomes in attendance,sample_text_4443,198.88,640.13,270.51,sample_text_3177,sample_text_9427,true,sample_text_3149,true
completed,90bb83ca-2bb7-45da-7fea-80080434dbd5,2025-12-01T18:30:39.804Z,2025-06-30T20:32:13.539Z,32a1daeb-123e-4dbe-b622-aea59b73722d,72ea06ea-6647-4b34-faa9-4b6acc59b996,af45888d-3cda-415b-1d81-91022a417bde,fa8263d2-b6b1-4514-4f07-6307b13d93f7,academic,Peer Mentoring,sample_text_7252,medium,2025-04-28T22:44:15.309Z,2025-11-19T20:15:33.401Z,2025-10-10T01:05:14.913Z,Improve student outcomes in academic,sample_text_8982,195,338.94,86.44,sample_text_1841,sample_text_7975,false,sample_text_7455,false
completed,5650edea-48a1-43b0-e4d1-f31c189db61d,2025-10-25T23:38:52.724Z,2025-06-08T14:29:00.562Z,921679af-a07e-442d-b254-00f81e5f665d,7b4e9cee-f4ce-4983-6f42-9424ff347d5a,74bd910d-f592-4d1d-0e88-4bd9512f610b,faab496b-a78d-4496-aa0f-1f0957801a80,academic,Social Skills Group,sample_text_5348,medium,2025-07-18T10:57:36.229Z,2025-09-05T05:04:36.038Z,2025-09-19T01:35:21.797Z,Improve student outcomes in family_engagement,sample_text_5035,497.82,316.02,862.61,sample_text_3554,sample_text_3450,false,sample_text_2738,false
in_progress,ec1ba003-ffce-4ac3-4d22-9142d9c5f0ee,2025-06-07T14:48:18.876Z,2026-01-06T20:52:33.951Z,f0fe80e2-ee98-4631-fd46-bedaa4937130,cd416869-1efc-4398-0a2a-903b79ed2d98,b68d9d85-277a-4f14-1564-cbb9598388f9,9b6a74d9-b351-48c9-fd99-3ea43ff586df,academic,Family Engagement Plan,sample_text_4244,medium,2025-09-01T10:56:51.675Z,2025-06-20T23:37:12.615Z,2026-02-23T13:18:17.048Z,Improve student outcomes in academic,sample_text_7357,16.17,699.93,584.15,sample_text_1370,sample_text_6114,false,sample_text_8682,true
completed,1797da59-3197-4d22-4628-5686cdfac972,2025-09-30T09:03:30.645Z,2025-04-25T11:04:43.305Z,469af544-bb26-4d4c-4b28-ab15c4812991,ab6bc2eb-0064-48a7-7f0c-9a1783bcd064,59b39d5f-196d-4a89-1b1d-30029759628a,b941f6ec-4ce0-4310-9221-6be0482727a0,academic,Social Skills Group,sample_text_5392,high,2025-09-03T22:35:00.313Z,2025-05-11T10:35:30.190Z,2025-05-26T18:11:12.234Z,Improve student outcomes in behavior,sample_text_2389,766.55,624.25,797,sample_text_6038,sample_text_9039,true,sample_text_5995,false
completed,f9139713-caa6-44fc-57f8-54d13d1981b1,2025-04-30T22:11:06.486Z,2025-12-20T01:25:28.344Z,b9a92613-a49f-49ac-02ac-12389b77c55c,63b3d997-8d4b-4027-f32c-5ba74efdff76,13815186-454f-4056-c0e4-2d163f76617d,52f0edcc-bfb7-4f33-ad2e-fd54c484c769,sel,Reading Fluency Support,sample_text_2568,urgent,2025-11-30T19:45:40.988Z,2026-02-26T21:17:00.095Z,2026-03-07T11:34:02.356Z,Improve student outcomes in attendance,sample_text_891,572.23,113.11,862,sample_text_1864,sample_text_9550,true,sample_text_1986,true
in_progress,e4ebc728-43de-4dc6-8cfd-0a6e04ab4faf,2025-11-04T22:53:09.261Z,2025-05-15T08:18:22.719Z,343e4691-d779-4742-a9b6-c828fbb55b61,ef30f378-ae06-4200-e466-b63a46dd4365,9b6a74d9-b351-48c9-fd99-3ea43ff586df,91481a49-39f6-4c85-9a87-3de01f285177,academic,Positive Behavior Intervention,sample_text_4669,high,2025-09-09T12:29:49.189Z,2025-09-21T06:00:35.624Z,2025-12-18T20:09:59.373Z,Improve student outcomes in attendance,sample_text_6695,797.33,955.67,987.35,sample_text_8956,sample_text_9902,true,sample_text_6212,false
cancelled,ddaebb0c-208f-4c1d-99d6-3c94ad714d88,2026-03-06T19:55:27.763Z,2026-02-27T12:21:53.466Z,930d6afd-4225-4c87-6245-39cb7a7a0d26,72ea06ea-6647-4b34-faa9-4b6acc59b996,addfc86c-41af-41c3-ce53-f3cc7fcccdf6,65b719d4-a6d4-4c9f-1165-ea0ebe168811,attendance,Reading Fluency Support,sample_text_6054,medium,2025-05-14T21:47:19.236Z,2026-01-12T19:24:39.638Z,,Improve student outcomes in attendance,sample_text_8873,902.92,781.28,,sample_text_9327,,false,sample_text_535,true
in_progress,db0d14ad-557f-4320-7a13-8a2d95908763,2026-02-04T11:37:14.105Z,2025-04-27T02:47:45.656Z,4ca6797c-e546-4f8b-df90-dbb08907d99e,ab6bc2eb-0064-48a7-7f0c-9a1783bcd064,cf7e2aea-c07d-4ed1-1fc0-69c3d64d741c,02eac898-e03e-4ede-7167-c2b3f40e7d1a,attendance,Family Engagement Plan,sample_text_8534,low,2025-05-31T00:52:37.274Z,2025-08-13T01:15:19.460Z,2025-08-04T15:01:49.772Z,Improve student outcomes in behavior,sample_text_487,344.58,264.37,454.02,sample_text_7258,sample_text_154,false,sample_text_3327,true
in_progress,5b87189e-f2c1-4df6-c8e6-85342cf1a109,2025-05-05T01:09:17.924Z,2025-10-23T00:59:16.667Z,930d6afd-4225-4c87-6245-39cb7a7a0d26,31e6dcd8-7b5b-4c54-b419-66da1259c0d7,074f3f9d-1d98-495a-36ce-ea4c10de32e7,b19a9a30-5bc1-42f9-ac14-0842a27abbe0,behavior,Academic Recovery - ELA,sample_text_1877,low,2025-11-20T18:52:33.933Z,2025-08-10T02:22:06.121Z,2025-12-18T23:37:14.245Z,Improve student outcomes in academic,sample_text_3450,29.08,8,865.35,sample_text_6970,sample_text_8303,true,sample_text_461,false
cancelled,6e60c3c1-79e3-49f2-3701-c8f0fce81cb1,2025-10-03T03:50:33.450Z,2025-10-24T05:27:36.743Z,7e8192d3-756a-4974-209e-dc1ea1cca26e,0e77db3f-7cdc-48b3-e10c-c05d74f5b464,f8d9b2f5-6abe-4500-e812-54aa85e6d1f7,d9edb57f-a55c-4a07-df66-d6f8356c9964,academic,Family Engagement Plan,sample_text_4722,high,2025-10-26T21:18:30.338Z,2025-11-26T11:13:21.280Z,,Improve student outcomes in attendance,sample_text_2246,491.76,601.76,,sample_text_6034,,true,sample_text_6241,false
cancelled,0fe15401-d8c6-475b-c190-0d88ceee9427,2025-05-06T02:49:11.413Z,2026-04-03T16:53:52.601Z,921679af-a07e-442d-b254-00f81e5f665d,4361747f-bbcd-4426-e55e-5ac00ba3e695,65b719d4-a6d4-4c9f-1165-ea0ebe168811,074f3f9d-1d98-495a-36ce-ea4c10de32e7,sel,Peer Mentoring,sample_text_9342,urgent,2025-12-21T12:37:53.738Z,2025-04-23T03:40:18.064Z,,Improve student outcomes in academic,sample_text_4380,363.62,911.07,,sample_text_4360,,true,sample_text_5667,false
completed,0a6828b5-4d55-4c26-d7ba-a1b99663b2fe,2026-03-13T20:03:46.401Z,2025-09-04T08:18:39.298Z,469af544-bb26-4d4c-4b28-ab15c4812991,83c0f5a4-11a8-4b1f-5064-e6047d878674,074f3f9d-1d98-495a-36ce-ea4c10de32e7,faab496b-a78d-4496-aa0f-1f0957801a80,sel,One-on-One Tutoring,sample_text_4730,low,2025-07-27T21:32:24.074Z,2026-03-27T01:16:27.366Z,2026-01-30T05:23:57.037Z,Improve student outcomes in academic,sample_text_2212,604.69,386.81,882.6,sample_text_4763,sample_text_9016,false,sample_text_140,false
planned,d2bb5682-7c2b-4eb6-8b8c-1743ca39b9ae,2025-09-25T06:02:12.912Z,2025-10-06T08:23:35.961Z,2bd4f3bc-df4b-49c7-997f-c11868da495a,7e8ad38f-d17c-4824-3c91-c8579a6b5e5f,760e9861-7716-4fc7-6676-f5213f248cda,59b39d5f-196d-4a89-1b1d-30029759628a,behavior,Peer Mentoring,sample_text_5157,urgent,2025-04-25T10:00:47.410Z,2026-04-03T01:49:45.951Z,,Improve student outcomes in attendance,sample_text_6719,57.49,135.28,500.49,sample_text_7758,,,sample_text_6870,true
in_progress,6d2954e1-a294-4f4c-a73e-cd9374c16466,2025-06-26T14:26:37.400Z,2025-04-28T16:47:44.312Z,76fb7096-3d5c-4180-3013-e7a55c8b02bb,0519f110-4080-47f1-0e4d-53c0e3b18659,b68d9d85-277a-4f14-1564-cbb9598388f9,a7fdde05-87ad-4532-1887-2448d13ec652,sel,Reading Fluency Support,sample_text_4306,medium,2025-07-16T03:53:30.501Z,2026-04-11T22:32:53.414Z,2025-09-28T08:05:54.352Z,Improve student outcomes in sel,sample_text_5358,294.69,534.38,664.54,sample_text_4951,sample_text_8251,false,sample_text_7476,false
completed,9bc1579d-9568-426b-e472-0da17f977ab5,2025-11-12T00:09:11.993Z,2026-03-21T23:21:42.106Z,0898bc8a-8083-4b0c-faf9-0f5d0224e73e,824fd656-898c-4a31-aa57-ef6e1d6c346d,074f3f9d-1d98-495a-36ce-ea4c10de32e7,b8378524-c3b6-4652-6983-adbddb7aa9dd,behavior,SEL Check-in Group,sample_text_6684,urgent,2025-07-13T09:40:04.416Z,2025-04-24T19:57:45.592Z,2025-10-12T10:42:37.175Z,Improve student outcomes in academic,sample_text_9650,378.25,47.96,363.79,sample_text_4571,sample_text_435,false,sample_text_8390,false
completed,0a9e3ade-a1f9-402f-d989-08906f23513d,2025-10-27T20:09:18.150Z,2025-06-05T04:41:26.742Z,00e48b05-b6cb-410f-1525-6668c44bdb40,3e334f12-6fd2-4fbe-3f23-a1309343356d,62a9a1d7-9f49-48d7-cd45-e5cf69a2994c,074f3f9d-1d98-495a-36ce-ea4c10de32e7,academic,Reading Fluency Support,sample_text_2138,urgent,2026-01-07T03:04:58.961Z,2025-08-06T12:03:21.969Z,2025-10-04T04:53:47.569Z,Improve student outcomes in family_engagement,sample_text_2082,677.11,138.5,414.92,sample_text_2157,sample_text_3669,true,sample_text_6962,true
planned,f2392f7d-a5b0-4fcc-13a3-f5b494facaed,2025-10-13T14:54:24.009Z,2026-04-08T22:10:49.404Z,e536d26c-1212-499f-3401-979cc6978147,2f04b13c-c50c-4de2-5f7d-f7ef75d312f1,d9edb57f-a55c-4a07-df66-d6f8356c9964,3f95f74e-1bdc-41c3-893d-2d90a62d76bc,attendance,Attendance Recovery Plan,sample_text_5382,medium,2025-07-26T20:42:19.061Z,2026-01-19T10:28:09.555Z,,Improve student outcomes in behavior,sample_text_6996,829.49,358.03,967.24,sample_text_7648,,,sample_text_3626,false
in_progress,e0b5f5e4-afd9-462e-ec04-fb5455b210a3,2025-08-15T08:33:37.769Z,2025-09-08T02:39:50.323Z,b9a92613-a49f-49ac-02ac-12389b77c55c,5354d00b-34f0-4a88-58d4-8decde6ce2ee,7275a4a2-65a3-47ed-3d1e-7026f453021d,4983674c-e15e-4015-0eb3-50b01d7810f8,sel,Family Engagement Plan,sample_text_9292,medium,2025-07-11T06:47:29.456Z,2025-06-07T14:47:40.558Z,2025-09-03T17:38:19.658Z,Improve student outcomes in academic,sample_text_7826,101.07,87.77,11.61,sample_text_1057,sample_text_4756,false,sample_text_4158,false
completed,354a8aed-8ff3-48d7-00fd-76a6427a85cc,2025-10-08T13:33:46.395Z,2026-01-07T20:34:01.072Z,1eca3985-996e-497f-4644-294968d742b8,12c936b7-76a2-4244-3342-f64b193771af,f8d9b2f5-6abe-4500-e812-54aa85e6d1f7,7a4c360c-bb74-4deb-f15e-c8b948e7a622,attendance,Peer Mentoring,sample_text_4072,medium,2026-02-24T04:33:30.259Z,2026-02-15T02:06:21.971Z,2025-07-02T20:59:40.359Z,Improve student outcomes in attendance,sample_text_8381,333.37,555.92,285.47,sample_text_8558,sample_text_6083,true,sample_text_5326,false
completed,c9e85a3d-88f7-4ead-d63e-86c9e54e124f,2025-12-21T08:55:13.976Z,2025-06-12T02:33:02.548Z,94dc4310-c140-4af7-8a5b-88c24ff5a5d3,98dc63d7-8988-4ff8-b7ca-2ab8d1f39352,d1707a15-e071-4bbb-65ff-4dfa7f902567,9b6a74d9-b351-48c9-fd99-3ea43ff586df,attendance,Social Skills Group,sample_text_2692,high,2025-11-14T20:46:16.719Z,2025-08-23T14:00:41.766Z,2025-08-04T07:17:19.332Z,Improve student outcomes in sel,sample_text_2036,766.86,31.65,610.33,sample_text_6381,sample_text_7339,false,sample_text_7227,false
in_progress,4298b1e0-3106-4cb3-2217-06e177b7279a,2025-08-12T15:39:56.847Z,2025-10-31T23:54:26.227Z,820e0d69-1dec-4fa2-7dff-4973e37417e7,0519f110-4080-47f1-0e4d-53c0e3b18659,234b0627-79ac-4de2-9e5f-3deaab1f438f,e4b1ae0d-39bf-42a5-dfb9-7a9275ba3f82,attendance,Executive Function Coaching,sample_text_8929,high,2025-07-21T19:35:36.361Z,2025-05-07T15:31:31.869Z,2025-12-19T15:42:14.390Z,Improve student outcomes in attendance,sample_text_573,540.33,800.55,626.86,sample_text_5156,sample_text_6738,true,sample_text_2653,true
in_progress,b99d9240-0c15-492c-bcb5-5dab6f5707ac,2025-06-13T09:54:16.853Z,2026-02-05T17:30:17.439Z,2a4e5e57-fab3-47be-aa17-438ff8cedd26,974aa30d-547e-4e21-86d6-1f3c34623f7f,7a4c360c-bb74-4deb-f15e-c8b948e7a622,234b0627-79ac-4de2-9e5f-3deaab1f438f,behavior,Credit Recovery Program,sample_text_2546,urgent,2025-09-02T06:04:07.909Z,2026-01-17T00:05:42.278Z,2026-01-15T13:57:59.971Z,Improve student outcomes in attendance,sample_text_1446,92.65,978.88,365.68,sample_text_5645,sample_text_5578,true,sample_text_3484,true
in_progress,22cc6a8f-9b50-4313-a8c9-a3c43b392d05,2025-06-28T03:16:24.008Z,2025-11-09T18:47:44.467Z,94519cc1-bdc7-4549-769e-8964efcea7c6,49c0f8d8-fcc1-4c41-a548-3ff914a66692,fa8263d2-b6b1-4514-4f07-6307b13d93f7,034eaa7e-6ebe-4134-5494-fbfbc43c72ec,academic,Executive Function Coaching,sample_text_3522,high,2025-04-13T14:57:51.924Z,2025-06-29T11:36:48.139Z,2026-01-18T05:42:53.688Z,Improve student outcomes in academic,sample_text_5364,52.28,217.1,353.46,sample_text_3204,sample_text_538,true,sample_text_9116,true
completed,53d17442-b477-40dd-7421-38a81cb807b4,2025-08-15T23:20:12.479Z,2025-04-27T16:32:41.077Z,930d6afd-4225-4c87-6245-39cb7a7a0d26,6fd51bd1-cbdc-4c3a-0686-e52d7fe6061c,d9edb57f-a55c-4a07-df66-d6f8356c9964,af45888d-3cda-415b-1d81-91022a417bde,attendance,Peer Mentoring,sample_text_2083,high,2026-01-24T10:38:28.449Z,2025-09-23T00:14:04.601Z,2025-07-11T18:51:09.425Z,Improve student outcomes in academic,sample_text_4334,95.2,692.58,601.92,sample_text_2308,sample_text_3882,false,sample_text_4904,true
planned,392790ab-50ca-414f-ce4a-09dadfaa0790,2026-02-19T03:25:05.843Z,2025-07-08T10:32:54.870Z,5b1b6bbb-ac85-477d-9a11-d480281a4b21,4f78a299-95cc-4ebc-45f5-de09ee40e0da,3bfa1ef4-6a42-4cc6-e6e5-1989f79cca90,74bd910d-f592-4d1d-0e88-4bd9512f610b,academic,Behavior Support Plan,sample_text_1778,urgent,2025-12-25T03:22:14.235Z,2025-12-03T16:05:55.544Z,,Improve student outcomes in behavior,sample_text_8957,540.57,293.71,289.05,sample_text_3671,,,sample_text_9672,true
completed,9fb97d7d-c648-45dd-decd-8fba34ef4c41,2025-09-06T22:18:13.747Z,2026-04-05T04:53:27.511Z,10539e4e-19ad-49ff-5fb1-13c6a13a9cc0,44e91cce-ea65-438a-461a-9f0cf86acc81,f1f1b656-b2d4-47c0-837f-3221be4d02cd,2fd3b0e9-a8a5-42ef-ecf1-96898dccef87,family_engagement,Math Intervention - Tier 2,sample_text_1016,medium,2025-05-16T09:33:56.609Z,2026-03-04T16:29:42.369Z,2026-03-21T08:40:46.084Z,Improve student outcomes in attendance,sample_text_2409,392.56,813.44,214.88,sample_text_7125,sample_text_5922,true,sample_text_1529,false
completed,8e77bf83-cdbf-4e65-c0fd-b456dae5ca6e,2025-05-06T17:14:07.202Z,2025-08-08T11:05:11.438Z,c41be56c-1b03-4f83-3798-7ff82c84c273,8e053e88-8c6b-4a2d-0248-e26f6841348e,ea49fb72-2050-42e2-81c3-091e5dbcc276,62a9a1d7-9f49-48d7-cd45-e5cf69a2994c,attendance,Peer Mentoring,sample_text_2220,medium,2025-06-24T16:36:57.232Z,2025-08-26T12:34:23.705Z,2026-01-25T17:42:38.810Z,Improve student outcomes in sel,sample_text_8572,407.52,572.21,834.83,sample_text_9761,sample_text_9171,false,sample_text_2846,false
completed,7086daf9-3111-437e-3beb-ae91b8ea51fb,2025-09-21T03:00:19.189Z,2025-06-15T02:44:56.857Z,94dc4310-c140-4af7-8a5b-88c24ff5a5d3,a9f9f807-e129-4f29-9091-c45f8770da1a,6601188e-454e-46f8-39d3-12e3a2450d73,01576ed3-e96e-415a-7c79-d2b4e79c9251,attendance,Small Group Instruction,sample_text_8238,urgent,2026-02-14T20:08:13.542Z,2026-04-03T22:07:23.132Z,2026-04-03T13:18:44.417Z,Improve student outcomes in sel,sample_text_8086,917.1,612.12,620.46,sample_text_836,sample_text_1512,false,sample_text_559,false
in_progress,239d70c0-edab-4bf4-a388-f3e9c190ee86,2025-11-01T16:47:01.366Z,2026-03-13T00:07:09.660Z,615ffcad-04ca-4584-4505-45cbefd50d58,857fcefe-5faf-4a3c-df5d-917321d0ed26,2f694710-7063-42cd-b6b6-33ab87581536,699866f4-eda9-4222-4727-7702d9d050eb,attendance,Executive Function Coaching,sample_text_2435,high,2025-09-20T00:03:05.691Z,2025-06-15T01:13:08.582Z,2025-12-26T00:56:00.131Z,Improve student outcomes in attendance,sample_text_2282,65.57,503.06,241.07,sample_text_9241,sample_text_6618,false,sample_text_8343,false
planned,1324442d-05e7-4e13-b8ac-4c2aea5d1728,2025-11-13T12:44:39.911Z,2025-07-19T22:41:59.934Z,b017f20d-2b75-45dd-64d2-722f145a78d0,ab6bc2eb-0064-48a7-7f0c-9a1783bcd064,59b39d5f-196d-4a89-1b1d-30029759628a,9c9bf7cc-e7e9-4ae2-6497-3685d6fe38d9,behavior,Behavior Support Plan,sample_text_2734,low,2025-06-20T09:00:23.133Z,2025-12-26T20:13:25.821Z,,Improve student outcomes in academic,sample_text_200,734.98,937.68,945.87,sample_text_3708,,,sample_text_237,false
completed,0660e705-3f95-4fd9-a41a-321262e51eb3,2025-04-28T18:48:20.702Z,2026-03-23T13:53:07.376Z,f3e56a9d-701d-4138-17b4-468168466ac1,4459d0bc-ac12-45e0-2241-37b73184e150,5b22fa71-538f-4f40-5599-52754e6eb443,02eac898-e03e-4ede-7167-c2b3f40e7d1a,attendance,Academic Recovery - ELA,sample_text_9705,high,2025-06-07T02:08:23.108Z,2025-05-21T14:56:57.221Z,2025-08-10T12:42:26.430Z,Improve student outcomes in academic,sample_text_1947,256.93,181.54,505.12,sample_text_1976,sample_text_4715,true,sample_text_2324,true
in_progress,1c838e84-c20a-4ba3-eb30-b5b3f01c4156,2025-06-13T01:20:55.486Z,2025-05-26T16:17:03.585Z,13905047-dc05-4f11-21d1-ceb2ff2a4ead,3e4e588f-bb13-48f9-ae27-231d699b174f,ade33206-8c00-4f20-4bf1-7781c1eb9609,e4b1ae0d-39bf-42a5-dfb9-7a9275ba3f82,academic,SEL Check-in Group,sample_text_4574,medium,2025-08-10T06:37:27.567Z,2025-12-01T03:09:48.942Z,2026-04-07T19:03:25.699Z,Improve student outcomes in behavior,sample_text_3388,310.8,987.33,230.99,sample_text_6322,sample_text_3552,true,sample_text_6423,true
in_progress,56ce6d7a-11a7-4010-eed8-0ac222e7299e,2025-12-12T13:30:22.245Z,2026-02-16T07:03:59.523Z,13f8f388-7de1-4383-f922-a0d8a397e76c,98dc63d7-8988-4ff8-b7ca-2ab8d1f39352,e4b1ae0d-39bf-42a5-dfb9-7a9275ba3f82,91481a49-39f6-4c85-9a87-3de01f285177,attendance,Behavior Support Plan,sample_text_5684,urgent,2025-04-19T14:45:30.439Z,2025-09-05T02:52:37.087Z,2026-01-24T08:29:51.661Z,Improve student outcomes in attendance,sample_text_4716,938.15,507.63,83.49,sample_text_7100,sample_text_3816,false,sample_text_4089,true
completed,093f659d-b7ea-45cd-f8d9-33ac23698fa0,2025-10-07T15:20:13.059Z,2025-07-30T20:00:16.128Z,521d1584-627e-495f-893e-82a12f5344be,5354d00b-34f0-4a88-58d4-8decde6ce2ee,9eaa373f-8df1-4b6c-b2c9-c62b6f3363fe,621e454c-d590-4953-4dc4-27d658cef254,behavior,Small Group Instruction,sample_text_5611,high,2025-10-30T14:07:19.346Z,2025-05-20T04:35:41.175Z,2025-11-21T03:50:49.579Z,Improve student outcomes in behavior,sample_text_7561,441.67,261.87,719.11,sample_text_3337,sample_text_4978,false,sample_text_9330,true
completed,5ecd0d1d-d5ec-46f2-6aca-86fd5dfdab07,2025-08-12T00:07:36.174Z,2025-06-18T13:12:21.210Z,1c4d8e9f-05af-4567-fc15-60738335dd73,5cca90e9-35ef-4b60-da97-176e79a801fd,72571b3c-f6ea-4a2a-2118-2d3a77def4dd,c6fb6b4b-9efd-4a20-fd85-28ef5167ab5d,family_engagement,Tutoring - After School,sample_text_9253,high,2025-11-18T17:14:24.820Z,2026-02-23T22:08:42.630Z,2025-09-09T15:48:06.004Z,Improve student outcomes in sel,sample_text_2126,788.3,854.24,882.59,sample_text_932,sample_text_9236,true,sample_text_3018,false
in_progress,1b16683a-98b0-4954-e675-86e26360065f,2025-07-14T23:32:58.954Z,2025-05-07T14:13:48.546Z,24557b57-0c13-4c0c-a3e9-39903a1a94a3,72ea06ea-6647-4b34-faa9-4b6acc59b996,ea49fb72-2050-42e2-81c3-091e5dbcc276,b68d9d85-277a-4f14-1564-cbb9598388f9,family_engagement,Executive Function Coaching,sample_text_677,medium,2026-03-06T18:34:15.236Z,2025-12-12T06:23:09.604Z,2025-06-24T08:13:12.376Z,Improve student outcomes in attendance,sample_text_6460,828.65,25.47,628.73,sample_text_9144,sample_text_7296,false,sample_text_394,true
completed,36a2bd98-8d6a-422c-04cc-be071c7128f3,2025-09-05T11:22:54.069Z,2025-10-07T11:00:30.390Z,5b1b6bbb-ac85-477d-9a11-d480281a4b21,7e33c19d-304d-44cf-6308-c84646b5b9b6,9b6a74d9-b351-48c9-fd99-3ea43ff586df,367ec86b-33cc-4e1c-99be-6d4f3680b591,behavior,Academic Recovery - ELA,sample_text_5144,urgent,2025-12-23T17:11:58.084Z,2026-01-12T23:27:53.118Z,2025-10-17T21:42:18.758Z,Improve student outcomes in sel,sample_text_3006,814.27,22.96,516.35,sample_text_3004,sample_text_1735,true,sample_text_4306,true
in_progress,a9d01c6e-83df-4c25-d0c3-0543543bbe63,2025-07-24T10:31:06.635Z,2025-05-12T23:06:26.441Z,469af544-bb26-4d4c-4b28-ab15c4812991,5ad3d718-54d7-4cd2-1fcf-87aea33287e9,c99158d6-bd93-42cc-6585-6fedbda473c8,074f3f9d-1d98-495a-36ce-ea4c10de32e7,attendance,Family Engagement Plan,sample_text_3394,low,2025-07-19T18:50:29.944Z,2025-12-03T13:39:25.251Z,2025-08-28T04:52:20.959Z,Improve student outcomes in academic,sample_text_9651,618.48,480.54,694.05,sample_text_4528,sample_text_5189,false,sample_text_6458,true
in_progress,ec23acc1-d133-44fb-ce18-66435eb26d60,2026-03-09T09:45:26.966Z,2025-05-12T07:41:39.579Z,2a4e5e57-fab3-47be-aa17-438ff8cedd26,1458a564-2503-4c4e-98fd-ff8eee30f920,b19a9a30-5bc1-42f9-ac14-0842a27abbe0,e4a45791-4bec-432e-83c4-834772750abf,family_engagement,Positive Behavior Intervention,sample_text_1819,medium,2025-04-24T10:07:17.190Z,2025-07-15T12:24:58.259Z,2026-02-09T17:26:35.102Z,Improve student outcomes in behavior,sample_text_1281,328.18,626.72,652.93,sample_text_2955,sample_text_5143,true,sample_text_5933,true
planned,a27d74e2-2d9c-4728-84c3-cf4dbccaa5ee,2025-08-07T05:22:52.022Z,2026-01-04T00:01:39.421Z,343e4691-d779-4742-a9b6-c828fbb55b61,08c9d53b-5bb4-4a4e-3e69-2fcd9679e99e,4b5660c5-6ded-4e88-5938-1722c262ea15,8ac01f7d-9c30-4771-a900-d8fc5dd68b28,attendance,One-on-One Tutoring,sample_text_794,medium,2025-08-22T23:46:14.099Z,2025-11-28T12:42:23.355Z,,Improve student outcomes in sel,sample_text_3449,522.44,888.64,808.15,sample_text_8688,,,sample_text_2652,false
in_progress,ba7a4b0f-ab5c-4d6a-5299-a5cc023c573d,2025-12-12T03:25:26.924Z,2025-05-16T09:51:42.643Z,615ffcad-04ca-4584-4505-45cbefd50d58,4b7cf6ad-bee5-43d3-4470-e6643cf6983e,b19a9a30-5bc1-42f9-ac14-0842a27abbe0,6601188e-454e-46f8-39d3-12e3a2450d73,family_engagement,Academic Recovery - ELA,sample_text_2763,high,2026-03-11T05:09:17.720Z,2025-07-04T02:05:32.976Z,2025-12-16T05:19:52.618Z,Improve student outcomes in behavior,sample_text_9251,452.4,951.07,835.06,sample_text_9325,sample_text_9033,true,sample_text_3061,true
completed,cc19aa3d-8df7-4ba6-943a-ebbf9970c3bc,2025-07-25T14:57:37.624Z,2025-11-11T03:10:42.664Z,fecc715c-91cf-4144-4e6d-27d53565cfa5,36fa19ad-37fd-44f9-4a36-73f18ecfe5f4,fa8263d2-b6b1-4514-4f07-6307b13d93f7,f1f1b656-b2d4-47c0-837f-3221be4d02cd,academic,Family Engagement Plan,sample_text_6885,urgent,2025-09-22T22:43:47.606Z,2026-01-25T21:24:30.335Z,2026-03-26T02:58:24.083Z,Improve student outcomes in sel,sample_text_7648,731.02,146.34,285.14,sample_text_3505,sample_text_5504,true,sample_text_7388,true
completed,7278e65a-9c24-4acf-5b35-796f64dbce30,2025-08-10T06:37:05.515Z,2025-04-27T15:28:11.775Z,545d1106-2b34-4e12-24da-7673253ca1d7,440eba09-b8a9-4df2-7ce2-88916df0536d,1f8bb59a-e0eb-4b2b-fe13-07a0c2675cb8,cf7e2aea-c07d-4ed1-1fc0-69c3d64d741c,attendance,Behavior Support Plan,sample_text_4582,high,2025-06-03T21:32:40.738Z,2025-07-28T02:52:39.602Z,2025-10-22T17:57:13.213Z,Improve student outcomes in family_engagement,sample_text_6735,691.09,303.69,82.6,sample_text_2845,sample_text_9321,true,sample_text_7502,false
in_progress,5859fef3-05c8-484e-150b-75f6cf06c810,2025-06-01T02:20:49.336Z,2025-06-18T20:24:48.338Z,314cdd92-266e-488d-cf88-6e18f6db8ca6,3e4e588f-bb13-48f9-ae27-231d699b174f,5bbe0d79-fac8-4b07-36d1-5a4ce3a79f5a,4983674c-e15e-4015-0eb3-50b01d7810f8,academic,One-on-One Tutoring,sample_text_461,high,2025-05-15T22:33:57.390Z,2025-06-13T12:13:48.906Z,2026-01-11T22:58:41.764Z,Improve student outcomes in family_engagement,sample_text_9571,85.66,561.21,105.38,sample_text_7738,sample_text_2873,false,sample_text_3290,true
completed,8f80124e-7fab-4583-99a9-6b1f15ac293c,2025-12-10T21:45:19.345Z,2025-08-23T13:32:15.199Z,2bd4f3bc-df4b-49c7-997f-c11868da495a,2d6bfb42-752b-4b9d-3444-de223d3aae60,a7fdde05-87ad-4532-1887-2448d13ec652,6601188e-454e-46f8-39d3-12e3a2450d73,academic,Academic Recovery - ELA,sample_text_132,medium,2025-06-13T14:23:09.099Z,2025-09-13T09:37:32.226Z,2025-05-20T00:31:59.318Z,Improve student outcomes in family_engagement,sample_text_206,193.45,810.09,660.65,sample_text_2397,sample_text_2842,true,sample_text_9891,false
completed,e3365cd7-81d6-41a6-c786-86fd08bb2298,2025-06-30T07:14:44.160Z,2025-12-27T22:39:17.463Z,0898bc8a-8083-4b0c-faf9-0f5d0224e73e,9a9475d1-a832-46dc-d803-59feef06073e,54566fd8-2ce9-43f1-d9c4-3262fe0540e9,fa8263d2-b6b1-4514-4f07-6307b13d93f7,attendance,Small Group Instruction,sample_text_5272,urgent,2025-10-29T01:01:54.037Z,2026-03-21T05:26:47.917Z,2026-02-09T06:39:09.536Z,Improve student outcomes in academic,sample_text_18,33.99,219.37,81.01,sample_text_8437,sample_text_192,false,sample_text_4342,true
planned,92cf908b-38ac-4b5d-0803-1a8f60b5c6b9,2025-12-25T19:38:30.204Z,2025-10-16T13:05:57.288Z,661bcb95-f84e-4871-e1c4-675bf8171439,72ea06ea-6647-4b34-faa9-4b6acc59b996,2fd3b0e9-a8a5-42ef-ecf1-96898dccef87,74bd910d-f592-4d1d-0e88-4bd9512f610b,attendance,Tutoring - After School,sample_text_4420,low,2025-06-27T01:49:17.615Z,2025-07-09T20:50:51.575Z,,Improve student outcomes in academic,sample_text_8604,705.98,511.15,974.93,sample_text_7271,,,sample_text_5400,false
planned,35da515d-35a2-4861-590b-fb685b51a2fd,2025-07-13T20:31:01.484Z,2026-03-13T21:33:50.850Z,7d85b267-ac94-499b-94c1-eff3632a4d8b,98dc63d7-8988-4ff8-b7ca-2ab8d1f39352,cb8fa579-1a0f-4b56-d0df-17115e069361,8a0aa082-f148-423d-fd6f-c28d86c0215a,attendance,Tutoring - After School,sample_text_136,medium,2026-02-14T07:09:12.101Z,2025-09-05T10:30:10.251Z,,Improve student outcomes in family_engagement,sample_text_6755,397.3,366.31,937.84,sample_text_6899,,,sample_text_2149,true
planned,e5536f1d-70a4-4729-c482-8f7e415dd89b,2025-05-24T21:59:38.121Z,2025-12-08T23:13:31.060Z,820e0d69-1dec-4fa2-7dff-4973e37417e7,fb441a9a-76af-4633-ef6e-1ccf7e88caa7,72571b3c-f6ea-4a2a-2118-2d3a77def4dd,034eaa7e-6ebe-4134-5494-fbfbc43c72ec,behavior,Positive Behavior Intervention,sample_text_435,medium,2025-05-07T10:05:10.914Z,2026-02-03T23:12:58.568Z,,Improve student outcomes in family_engagement,sample_text_989,8.15,465.43,580,sample_text_1334,,,sample_text_5251,true
in_progress,01063723-1de5-41a1-e5d1-0089f90f19b6,2025-08-12T21:07:53.835Z,2025-09-16T07:29:14.037Z,f3e56a9d-701d-4138-17b4-468168466ac1,0ba497e7-4a6e-4b40-b8d5-7f23952ad2cd,4b5660c5-6ded-4e88-5938-1722c262ea15,faab496b-a78d-4496-aa0f-1f0957801a80,behavior,One-on-One Tutoring,sample_text_2248,high,2025-04-14T04:41:50.755Z,2026-04-02T15:02:23.741Z,2026-03-09T03:23:31.812Z,Improve student outcomes in attendance,sample_text_552,949.94,751.21,171.75,sample_text_4782,sample_text_8340,true,sample_text_5861,false
completed,6fb8d879-d8bc-47e9-d75c-868c65e4b80e,2025-05-04T14:11:37.186Z,2025-12-16T01:05:45.501Z,521d1584-627e-495f-893e-82a12f5344be,25984c0e-a7ff-4156-822e-ec2fb55f198a,9c9bf7cc-e7e9-4ae2-6497-3685d6fe38d9,d1707a15-e071-4bbb-65ff-4dfa7f902567,behavior,Positive Behavior Intervention,sample_text_4299,high,2025-11-18T19:25:45.887Z,2025-06-23T03:42:08.825Z,2026-03-06T08:46:26.557Z,Improve student outcomes in behavior,sample_text_9498,690.1,702.98,693.43,sample_text_8355,sample_text_4652,false,sample_text_8883,false
in_progress,0f853a45-92cb-4e08-bb3a-9f894364a97f,2025-07-14T18:59:51.298Z,2025-10-05T02:49:10.803Z,f3e56a9d-701d-4138-17b4-468168466ac1,8ec11999-7a20-466e-84f7-f134e29d20eb,ade33206-8c00-4f20-4bf1-7781c1eb9609,4b5660c5-6ded-4e88-5938-1722c262ea15,academic,Positive Behavior Intervention,sample_text_4989,low,2025-10-18T01:29:19.182Z,2025-11-12T20:07:58.769Z,2026-02-03T06:22:40.921Z,Improve student outcomes in attendance,sample_text_6360,398.16,949.27,288.11,sample_text_8793,sample_text_3142,true,sample_text_2030,true
cancelled,31fb5354-049b-46e1-41fa-bbca63b07359,2025-09-08T15:11:07.933Z,2026-03-13T15:16:10.659Z,3a19d003-2447-4c77-d435-69866c42a3e8,63b3d997-8d4b-4027-f32c-5ba74efdff76,2f694710-7063-42cd-b6b6-33ab87581536,6a49f986-fadb-4bcd-512c-c56d68c9b08b,academic,Positive Behavior Intervention,sample_text_8384,medium,2025-07-15T15:01:55.136Z,2025-05-05T18:50:43.363Z,,Improve student outcomes in sel,sample_text_2990,862.56,658.43,,sample_text_5265,,false,sample_text_2375,true
completed,4802aca5-84c1-4dec-bcdf-1d631717991e,2025-11-07T21:41:53.271Z,2025-11-03T08:21:25.412Z,f3e56a9d-701d-4138-17b4-468168466ac1,5354d00b-34f0-4a88-58d4-8decde6ce2ee,760e9861-7716-4fc7-6676-f5213f248cda,7a4c360c-bb74-4deb-f15e-c8b948e7a622,behavior,Tutoring - After School,sample_text_4501,medium,2025-10-06T22:30:55.421Z,2025-07-06T14:40:42.394Z,2025-07-28T17:47:15.737Z,Improve student outcomes in family_engagement,sample_text_5136,816.23,317.53,817.64,sample_text_328,sample_text_2509,false,sample_text_5862,true
completed,8445b8d0-fa6a-4454-0ffa-e73de69b3697,2025-10-30T06:30:32.576Z,2025-11-26T20:06:23.857Z,baeb778f-0236-4ea0-497b-a0d46e5c6619,36fa19ad-37fd-44f9-4a36-73f18ecfe5f4,addfc86c-41af-41c3-ce53-f3cc7fcccdf6,b68d9d85-277a-4f14-1564-cbb9598388f9,behavior,SEL Check-in Group,sample_text_5938,urgent,2025-06-24T22:35:24.972Z,2026-04-02T09:12:47.310Z,2025-08-07T11:46:20.465Z,Improve student outcomes in academic,sample_text_6872,643.13,341.66,622.4,sample_text_3094,sample_text_3150,true,sample_text_7073,true
in_progress,22a0a6d0-f90a-40bf-5c2c-2c0d989b6a0d,2025-06-12T09:28:28.579Z,2025-10-11T09:59:20.020Z,00e48b05-b6cb-410f-1525-6668c44bdb40,08c9d53b-5bb4-4a4e-3e69-2fcd9679e99e,59b39d5f-196d-4a89-1b1d-30029759628a,65b719d4-a6d4-4c9f-1165-ea0ebe168811,academic,Academic Recovery - ELA,sample_text_8902,medium,2025-08-21T15:46:08.120Z,2026-02-01T06:44:35.127Z,2025-09-05T15:56:21.236Z,Improve student outcomes in sel,sample_text_713,563.9,410.47,637.31,sample_text_9090,sample_text_6712,false,sample_text_4009,true
planned,e4e629c5-87d4-4ff9-a454-60a9e53957d8,2026-02-10T05:36:05.377Z,2026-02-23T20:19:16.154Z,2d706e75-fd47-4d6b-cc14-10a1bf804d62,08c9d53b-5bb4-4a4e-3e69-2fcd9679e99e,addfc86c-41af-41c3-ce53-f3cc7fcccdf6,699866f4-eda9-4222-4727-7702d9d050eb,sel,Executive Function Coaching,sample_text_5233,urgent,2025-09-25T10:47:44.352Z,2025-12-09T19:47:39.336Z,,Improve student outcomes in behavior,sample_text_2429,912.74,930.66,186.4,sample_text_8542,,,sample_text_7075,false
in_progress,ff7b5b59-28e3-4c72-312f-ad72de847623,2025-06-11T21:36:05.338Z,2025-12-18T17:48:59.047Z,73370ee3-24e1-494c-b530-e79710873eeb,440eba09-b8a9-4df2-7ce2-88916df0536d,9eaa373f-8df1-4b6c-b2c9-c62b6f3363fe,1f8bb59a-e0eb-4b2b-fe13-07a0c2675cb8,academic,Attendance Recovery Plan,sample_text_555,medium,2025-12-08T23:29:03.122Z,2025-10-29T16:02:27.124Z,2025-10-05T17:30:04.463Z,Improve student outcomes in academic,sample_text_664,818.31,463.64,963.41,sample_text_7495,sample_text_1837,false,sample_text_6549,false
planned,6db61a4b-84a8-461f-cebe-88f07baaac2d,2025-06-11T09:22:29.194Z,2026-01-22T16:55:18.900Z,4c81bc97-321d-48c5-d316-8243b2e8187e,8ec11999-7a20-466e-84f7-f134e29d20eb,72571b3c-f6ea-4a2a-2118-2d3a77def4dd,c6fb6b4b-9efd-4a20-fd85-28ef5167ab5d,sel,Peer Mentoring,sample_text_9088,high,2026-01-31T16:31:28.709Z,2026-01-22T07:48:29.377Z,,Improve student outcomes in sel,sample_text_3512,673.93,531.2,141.03,sample_text_5111,,,sample_text_311,false
in_progress,b67c6dd5-03b5-49d6-f6fa-91a5dcce714c,2025-08-29T01:23:23.182Z,2026-01-26T18:00:32.046Z,2e842555-494e-4eac-25b2-d2a4430cc9ed,f3bdc0f5-709a-4443-3bcd-690202dcd619,ea49fb72-2050-42e2-81c3-091e5dbcc276,2f694710-7063-42cd-b6b6-33ab87581536,attendance,Family Engagement Plan,sample_text_5524,high,2025-12-20T21:47:32.644Z,2025-06-21T13:19:20.271Z,2025-07-29T01:14:02.971Z,Improve student outcomes in attendance,sample_text_4394,354.99,514.71,728.9,sample_text_6911,sample_text_5572,false,sample_text_6049,false
in_progress,3821dac3-4b74-4883-4b91-de100fbd6258,2025-05-19T18:30:06.759Z,2025-07-09T06:32:02.941Z,521d1584-627e-495f-893e-82a12f5344be,cd416869-1efc-4398-0a2a-903b79ed2d98,6601188e-454e-46f8-39d3-12e3a2450d73,72571b3c-f6ea-4a2a-2118-2d3a77def4dd,academic,Credit Recovery Program,sample_text_4419,medium,2025-04-21T14:02:27.843Z,2025-06-20T13:22:37.154Z,2026-01-06T18:36:17.445Z,Improve student outcomes in academic,sample_text_8753,532.15,549.78,57.94,sample_text_1900,sample_text_6198,false,sample_text_1169,false
cancelled,f3245852-12e5-4379-8a66-102c2f3b17dc,2025-10-03T03:51:31.993Z,2025-11-06T17:57:19.367Z,545d1106-2b34-4e12-24da-7673253ca1d7,857fcefe-5faf-4a3c-df5d-917321d0ed26,699866f4-eda9-4222-4727-7702d9d050eb,d9edb57f-a55c-4a07-df66-d6f8356c9964,academic,Credit Recovery Program,sample_text_162,medium,2025-06-13T17:49:04.924Z,2025-09-12T13:46:40.554Z,,Improve student outcomes in academic,sample_text_4976,640.39,957.83,,sample_text_3583,,true,sample_text_4495,false
cancelled,3e90a57e-4981-458b-1a9c-b59ffc169491,2025-08-05T14:30:42.075Z,2025-10-31T09:50:03.701Z,1612581f-ee93-42bd-8ca1-106ca3f5fb8d,a37257b2-9391-4433-6110-687c09f379ec,2fd3b0e9-a8a5-42ef-ecf1-96898dccef87,2f694710-7063-42cd-b6b6-33ab87581536,sel,Behavior Support Plan,sample_text_6353,high,2025-08-28T09:12:08.127Z,2025-04-21T16:51:32.452Z,,Improve student outcomes in attendance,sample_text_339,265.07,601.02,,sample_text_2869,,true,sample_text_1672,true
planned,7b01d302-0a70-4c31-f833-da69c718f73d,2025-08-05T14:46:59.215Z,2025-09-04T16:57:55.250Z,13905047-dc05-4f11-21d1-ceb2ff2a4ead,3f1eb67e-af2a-4430-00e8-036be32a0239,7275a4a2-65a3-47ed-3d1e-7026f453021d,9b6a74d9-b351-48c9-fd99-3ea43ff586df,attendance,Academic Recovery - ELA,sample_text_9604,high,2025-08-24T13:26:43.642Z,2025-05-03T05:15:34.164Z,,Improve student outcomes in attendance,sample_text_9627,210.68,833.52,216.1,sample_text_1837,,,sample_text_2209,false
