id,student_id,school_id,config_id,risk_score,risk_level,previous_level,level_changed,risk_factors,trajectory,confidence_level,recommended_actions,metrics_snapshot,trigger_type,computed_at,created_at
9792a29e-fbb2-485f-3bf2-5ddf29f6e7c2,4b7cf6ad-bee5-43d3-4470-e6643cf6983e,b017f20d-2b75-45dd-64d2-722f145a78d0,6102968b-897d-437a-890b-316f2bce9016,455.37,watch,watch,true,sample_text_4457,stable,102.49,sample_text_7922,sample_text_2280,manual,2026-01-27T06:00:33.156Z,2025-10-15T18:10:29.822Z
30c1a8c6-97cf-4f16-3084-8cb9d0868af5,e66f5152-bb91-495c-70a1-919b8657aacd,2bd4f3bc-df4b-49c7-997f-c11868da495a,b6b48427-ef43-4c99-d43d-03d0dfbc0dae,408.87,on_track,at_risk,false,sample_text_9205,improving,640.14,sample_text_8643,sample_text_6664,batch_nightly,2025-08-21T07:25:29.814Z,2026-03-30T07:21:39.899Z
7be4bb45-ba49-4910-a4a1-cb5189855e2b,4ca4247e-c61f-4837-bf77-9c36a300d1a6,1612581f-ee93-42bd-8ca1-106ca3f5fb8d,cd2fdee8-07b6-4668-39b9-b5f2eb783bb6,159.04,watch,at_risk,false,sample_text_6873,stable,345.61,sample_text_5202,sample_text_3260,manual,2025-04-15T07:12:56.633Z,2025-05-29T11:05:31.428Z
38ac05d7-4aba-44be-b982-b4b8c8a64c87,5ad3d718-54d7-4cd2-1fcf-87aea33287e9,7e8192d3-756a-4974-209e-dc1ea1cca26e,fedd2ec4-9079-4585-92e4-8f187adb6077,335.56,on_track,watch,false,sample_text_1589,declining,919.63,sample_text_6658,sample_text_2969,sync_event,2025-07-03T16:52:38.675Z,2026-03-09T16:48:41.471Z
df8eea6b-9dd3-406c-38b5-a84a5958ce7d,08c9d53b-5bb4-4a4e-3e69-2fcd9679e99e,545d1106-2b34-4e12-24da-7673253ca1d7,9be48baf-ea62-428b-5314-b93e866b53ee,638.08,on_track,critical,true,sample_text_8053,improving,869.99,sample_text_3190,sample_text_1242,batch_nightly,2025-08-25T09:47:24.707Z,2026-01-20T17:04:28.956Z
ca8295ea-2a98-4142-e084-e5658858cb42,824fd656-898c-4a31-aa57-ef6e1d6c346d,e536d26c-1212-499f-3401-979cc6978147,535fe904-0115-4f50-ff51-0eaf66dbaa12,419.09,watch,watch,false,sample_text_7255,stable,32.37,sample_text_2108,sample_text_9332,manual,2025-08-23T21:31:41.273Z,2025-12-24T12:50:09.205Z
c6244d16-b6c2-4e44-8ec5-54d00bf6f682,ca649c96-10ee-4d76-dcea-e4beca9603df,baeb778f-0236-4ea0-497b-a0d46e5c6619,f7be2c0e-c24c-46c4-da0f-acd1a398cf5f,925.52,at_risk,on_track,true,sample_text_5226,declining,968.84,sample_text_3186,sample_text_8120,batch_nightly,2026-01-08T07:13:18.673Z,2025-08-22T19:51:23.906Z
eeb285eb-66eb-49f4-6bb0-e920ff205030,4ca4247e-c61f-4837-bf77-9c36a300d1a6,661bcb95-f84e-4871-e1c4-675bf8171439,7e11bf19-f618-405d-a65a-b71fca80e360,584.16,watch,critical,true,sample_text_7818,declining,461.44,sample_text_6288,sample_text_4063,batch_nightly,2025-10-05T06:31:48.166Z,2025-07-06T18:55:39.456Z
df5876b3-bb9a-4aa1-0990-8c0cd9da05b3,09e8d1ef-f5f0-41fa-38f3-10bac079d03c,baeb778f-0236-4ea0-497b-a0d46e5c6619,ba3c335f-0f94-42bd-b920-49b7e4cc9f58,877.53,on_track,critical,false,sample_text_7720,improving,757.41,sample_text_2875,sample_text_8956,batch_nightly,2025-08-28T15:29:02.486Z,2025-05-19T03:54:04.364Z
d9dfb02c-cc3c-43cb-acaa-b64919b30601,31e6dcd8-7b5b-4c54-b419-66da1259c0d7,7e8192d3-756a-4974-209e-dc1ea1cca26e,b6b48427-ef43-4c99-d43d-03d0dfbc0dae,233.75,watch,on_track,true,sample_text_8311,declining,856.13,sample_text_2106,sample_text_7142,manual,2025-11-30T09:31:08.613Z,2025-12-25T17:53:38.893Z
8c2cf410-849c-449c-c4a3-2684990da2a6,974aa30d-547e-4e21-86d6-1f3c34623f7f,c41be56c-1b03-4f83-3798-7ff82c84c273,b0782916-21a5-481a-97bd-7ef718c52928,149.19,watch,watch,false,sample_text_9453,declining,295.27,sample_text_9104,sample_text_1946,batch_nightly,2025-07-01T00:40:28.883Z,2025-12-16T09:46:00.699Z
b1fd2412-84b1-4094-78a7-6f859842a4e8,2d6bfb42-752b-4b9d-3444-de223d3aae60,32a1daeb-123e-4dbe-b622-aea59b73722d,6102968b-897d-437a-890b-316f2bce9016,918.55,at_risk,critical,false,sample_text_6924,improving,44.67,sample_text_4292,sample_text_6084,manual,2026-03-31T23:38:36.872Z,2025-12-18T08:43:11.315Z
8824db45-3376-4a99-9b4d-fa1d3b9eccc4,b913d05c-d452-4b8d-58bc-5af42ecc92ad,1612581f-ee93-42bd-8ca1-106ca3f5fb8d,4208b9fe-1dc2-4cf1-348a-6018e91e4ab5,528.36,watch,at_risk,false,sample_text_2369,declining,112.18,sample_text_2279,sample_text_5623,manual,2026-01-16T16:24:39.944Z,2025-06-19T17:14:59.286Z
0be0b683-bc5c-4f0b-8377-518865d05387,5ad3d718-54d7-4cd2-1fcf-87aea33287e9,fe4720c1-f369-4760-b122-6b324f08f3a3,b6b48427-ef43-4c99-d43d-03d0dfbc0dae,383.54,watch,watch,true,sample_text_801,stable,863.34,sample_text_647,sample_text_6325,manual,2025-06-02T08:46:48.982Z,2025-12-17T05:07:09.069Z
bf5b2674-cb91-4ebb-83d2-e4fb3d01527d,fb441a9a-76af-4633-ef6e-1ccf7e88caa7,e112e16e-d7d4-47de-a1f6-038db1f702ae,9be48baf-ea62-428b-5314-b93e866b53ee,247.21,at_risk,watch,true,sample_text_8859,stable,148.3,sample_text_9789,sample_text_9698,sync_event,2025-08-19T20:20:00.904Z,2025-07-06T09:21:15.808Z
fb5795c0-3d24-48eb-b296-8012a1d4d129,4335fda9-afa6-493e-0026-1aa0263939a5,73370ee3-24e1-494c-b530-e79710873eeb,6957b173-8384-43f0-f5c0-00651e3558ed,941.55,critical,on_track,true,sample_text_7680,improving,197.88,sample_text_7499,sample_text_8028,manual,2025-08-14T06:53:07.858Z,2025-12-11T05:43:36.334Z
bf11cf2c-f716-46c7-1eb6-486110ece0de,4459d0bc-ac12-45e0-2241-37b73184e150,32a1daeb-123e-4dbe-b622-aea59b73722d,dea171a2-9f22-43d0-5d21-68fd32193d85,654.93,critical,on_track,true,sample_text_7013,improving,931.32,sample_text_1053,sample_text_5265,sync_event,2025-07-07T07:52:31.000Z,2025-09-15T22:41:43.384Z
36f9780f-037f-443b-bc8c-6b69ac8d1f0d,ca649c96-10ee-4d76-dcea-e4beca9603df,24557b57-0c13-4c0c-a3e9-39903a1a94a3,9be48baf-ea62-428b-5314-b93e866b53ee,734.48,watch,on_track,false,sample_text_2114,stable,619.72,sample_text_3108,sample_text_5719,batch_nightly,2026-03-20T05:45:48.160Z,2025-10-10T14:47:07.207Z
798680ef-54c4-4f96-9e09-99c392b049e9,73e655b7-927f-4010-5d38-ed87d5958465,4f68cba7-6170-4ab1-21f9-a7a23a74f8c0,7e11bf19-f618-405d-a65a-b71fca80e360,357.24,critical,watch,true,sample_text_9248,improving,119.18,sample_text_8446,sample_text_5351,sync_event,2025-08-12T09:11:45.641Z,2025-09-09T09:20:52.259Z
88051589-ff5b-4af0-2bab-37ca91510a39,4f6d2f72-e04a-4494-a2d8-a7c9330625ec,c8bf5171-97bd-4a3c-df89-c4059e1474e2,f7be2c0e-c24c-46c4-da0f-acd1a398cf5f,449.16,critical,at_risk,false,sample_text_9835,stable,237.85,sample_text_9942,sample_text_8016,batch_nightly,2025-10-13T20:15:32.693Z,2025-07-31T05:19:41.854Z
029add31-516d-4977-fc77-dd164533d8e3,152072c0-f075-4a77-bebe-aaa40d5c36c5,0898bc8a-8083-4b0c-faf9-0f5d0224e73e,2e70929f-4dd3-4571-4318-39fb8f6dd2a5,244.26,on_track,at_risk,false,sample_text_115,improving,734.7,sample_text_9318,sample_text_3573,manual,2025-08-21T02:53:35.565Z,2026-04-09T07:40:31.892Z
4d2e0947-f33e-4981-4a9c-de361886c27d,7e8ad38f-d17c-4824-3c91-c8579a6b5e5f,13f8f388-7de1-4383-f922-a0d8a397e76c,03214f9a-c5a4-4460-ced2-c112d1bb3fd7,778.77,on_track,critical,false,sample_text_8880,stable,45.31,sample_text_2641,sample_text_2347,batch_nightly,2025-12-23T06:02:36.584Z,2025-10-02T04:02:46.390Z
3d17cd5a-1059-4d10-bfcd-f9bd0f7d5591,08c9d53b-5bb4-4a4e-3e69-2fcd9679e99e,c41be56c-1b03-4f83-3798-7ff82c84c273,c66275ef-e983-4492-b064-baf99e43dc48,88.44,on_track,on_track,true,sample_text_2377,improving,300.84,sample_text_1887,sample_text_2828,sync_event,2026-01-08T06:43:13.597Z,2026-01-07T10:37:46.949Z
ef44a58a-4ef2-466f-656f-85d5119aa1c1,2815d421-fa85-4846-4e67-32f2b052db68,16c0f045-ad9e-4d23-8922-374a2534b914,0722a489-b5ae-44b9-6098-f053ba33cb34,485.52,critical,critical,false,sample_text_6273,improving,802.09,sample_text_8575,sample_text_1064,batch_nightly,2025-07-01T06:38:37.989Z,2025-05-03T12:04:25.614Z
7a56de0f-fa86-409f-f213-7bf993f18339,09e8d1ef-f5f0-41fa-38f3-10bac079d03c,921679af-a07e-442d-b254-00f81e5f665d,17910787-3bc0-4405-6348-eb717ba43c68,759.22,at_risk,watch,true,sample_text_1578,improving,656.64,sample_text_1025,sample_text_8920,sync_event,2025-09-03T08:50:35.313Z,2025-07-14T14:06:30.203Z
6ffb74f4-ff72-4502-d755-efdc40b8f7c6,974aa30d-547e-4e21-86d6-1f3c34623f7f,1eca3985-996e-497f-4644-294968d742b8,4596734f-0db4-436c-549e-7e7f79d36af2,27.7,watch,critical,true,sample_text_6081,stable,430.32,sample_text_9294,sample_text_3482,sync_event,2026-03-05T06:39:26.043Z,2025-07-16T22:13:26.219Z
2aea477a-e481-499d-3646-8e78012420c5,3e334f12-6fd2-4fbe-3f23-a1309343356d,e112e16e-d7d4-47de-a1f6-038db1f702ae,fb6fe658-e43e-4bab-f33d-cdc88cf6d009,778.39,at_risk,watch,false,sample_text_719,stable,403.27,sample_text_1634,sample_text_9703,manual,2025-04-13T19:02:30.236Z,2025-05-05T21:22:48.298Z
9a0bb43f-0beb-47fc-a659-2bba50d74fa6,09e8d1ef-f5f0-41fa-38f3-10bac079d03c,f3e56a9d-701d-4138-17b4-468168466ac1,bc9b64c3-7ac2-47be-b6ba-88c69cdd4231,109.81,at_risk,at_risk,false,sample_text_5635,declining,295.29,sample_text_7432,sample_text_7290,manual,2025-10-26T18:09:03.398Z,2025-12-23T22:44:45.293Z
cb8de073-90bd-4b8b-a943-fe7536b16602,230051a7-77f6-49c9-6d7a-c1c341da56c9,af7db41b-a69f-4ae5-eb9c-f59fa17dcd26,e1d67455-26d0-42b8-8392-6c93f05c405f,198.47,watch,critical,true,sample_text_5230,improving,676.36,sample_text_8272,sample_text_5187,batch_nightly,2025-09-25T19:16:47.220Z,2025-11-11T23:28:01.985Z
36eec1eb-076d-46b4-0b30-faf80e438b95,2de16969-104d-43a0-bfd9-fe690d9d6eac,7cc152ca-2334-4efd-8c58-4327009bcdb6,65f06e81-ac89-4cf7-22de-983490e0ebd8,583.59,watch,at_risk,false,sample_text_55,improving,854.17,sample_text_8587,sample_text_862,manual,2025-08-29T10:29:59.087Z,2025-06-26T21:28:15.203Z
e7fcc6c8-4dc7-43c7-b7cb-d11b198a3d52,e66f5152-bb91-495c-70a1-919b8657aacd,4c81bc97-321d-48c5-d316-8243b2e8187e,0f169150-4a9e-4c9e-a5a7-2a87c95cb619,396.25,watch,at_risk,true,sample_text_2772,improving,347.81,sample_text_1931,sample_text_7464,sync_event,2025-11-01T05:47:17.395Z,2026-01-07T16:14:20.967Z
c42b1f4d-e49f-4b9d-947c-a0c7b575a5b1,afb57115-93e2-41e4-19fb-726afc7dc847,c8bf5171-97bd-4a3c-df89-c4059e1474e2,74c04875-f227-4b95-b8e1-02b3e360c29a,933.03,at_risk,at_risk,false,sample_text_7878,improving,493.66,sample_text_3089,sample_text_5827,sync_event,2026-01-01T00:30:12.229Z,2026-03-26T07:35:06.472Z
09c84f43-bc2e-470e-ec1d-6ac444a8a17a,4f6d2f72-e04a-4494-a2d8-a7c9330625ec,921679af-a07e-442d-b254-00f81e5f665d,4bd78a73-fe22-48ea-15fa-41d669387bca,356.47,on_track,critical,false,sample_text_8336,improving,498.11,sample_text_3172,sample_text_1736,manual,2025-08-16T07:04:22.624Z,2025-04-17T16:12:12.130Z
e7f3bb50-3298-4e3a-7743-9c97cf79b72a,5bcd0cf0-44a3-4e73-1c78-3d3c73e703b3,921679af-a07e-442d-b254-00f81e5f665d,6102968b-897d-437a-890b-316f2bce9016,665.61,watch,watch,false,sample_text_6781,improving,63.15,sample_text_2364,sample_text_3258,batch_nightly,2025-05-28T03:23:57.601Z,2025-05-11T05:54:56.578Z
6414c0aa-0370-49fc-1832-be0a349c1bb4,4f78a299-95cc-4ebc-45f5-de09ee40e0da,3f4d6f7d-05f7-4310-de9f-ae93e46984db,19db1755-d84d-444d-e869-b9575b91a188,869.16,at_risk,at_risk,false,sample_text_4050,stable,620.32,sample_text_4582,sample_text_3311,manual,2025-12-20T22:39:34.829Z,2025-10-28T12:53:28.515Z
61b73d02-7b90-47e0-813e-4bce6a6a703d,98dc63d7-8988-4ff8-b7ca-2ab8d1f39352,521d1584-627e-495f-893e-82a12f5344be,4392a6e2-b231-4942-8243-57426e266e6b,295.84,on_track,on_track,true,sample_text_8530,declining,845.36,sample_text_2302,sample_text_4376,batch_nightly,2025-07-16T08:38:29.376Z,2026-04-10T01:18:51.176Z
5a1435ec-1760-459d-d2a0-7cbf9d1107ec,44e91cce-ea65-438a-461a-9f0cf86acc81,2d706e75-fd47-4d6b-cc14-10a1bf804d62,16da0aa9-712e-4a53-68eb-adf5203ce5f3,131.32,at_risk,on_track,true,sample_text_5590,stable,9.37,sample_text_7098,sample_text_6594,manual,2026-01-04T22:10:28.257Z,2025-09-06T03:13:20.916Z
efd9d40a-e65b-4d75-47ca-0c05d9259a97,63b3d997-8d4b-4027-f32c-5ba74efdff76,e112e16e-d7d4-47de-a1f6-038db1f702ae,b7295d46-5a93-4d59-2ad8-1c9c45690419,529.35,watch,watch,true,sample_text_1119,stable,290.71,sample_text_5565,sample_text_842,batch_nightly,2025-07-03T16:33:22.085Z,2025-06-28T14:55:35.726Z
c916a787-cdb3-43fb-e2d9-6d8a1b11086b,0ba497e7-4a6e-4b40-b8d5-7f23952ad2cd,89bd14e2-cf78-45ab-904a-7a7f0f4a4010,d9793c21-775d-4d32-a5ae-7643b038b83e,616.03,critical,at_risk,true,sample_text_8753,improving,174.8,sample_text_7505,sample_text_4159,sync_event,2025-11-25T18:47:14.271Z,2025-07-22T07:12:44.388Z
2f47f7e6-8840-45b7-92de-86d5b6c35486,942582d6-df90-465e-0a7c-344463dcc5fc,76fb7096-3d5c-4180-3013-e7a55c8b02bb,bc9b64c3-7ac2-47be-b6ba-88c69cdd4231,908.89,on_track,at_risk,true,sample_text_133,declining,34.64,sample_text_7500,sample_text_1347,batch_nightly,2026-01-15T01:25:45.148Z,2025-08-19T05:08:22.750Z
a0cd1d62-27c4-4bd6-b7fc-5764a410fcb7,19b0ce65-5cea-46af-9685-0855cb090984,2d706e75-fd47-4d6b-cc14-10a1bf804d62,d7bed816-0ade-4251-cbdc-a5d286cd022b,852.28,watch,critical,false,sample_text_7785,improving,576.25,sample_text_8519,sample_text_5004,manual,2025-12-21T05:26:23.152Z,2026-01-20T13:11:36.692Z
b669a4fb-cddd-47e4-5e4d-4b6b8ff53ae7,ca649c96-10ee-4d76-dcea-e4beca9603df,343e4691-d779-4742-a9b6-c828fbb55b61,e1d67455-26d0-42b8-8392-6c93f05c405f,277.7,at_risk,critical,true,sample_text_5045,improving,560.97,sample_text_3892,sample_text_6735,batch_nightly,2025-08-08T07:43:20.038Z,2025-08-17T23:14:22.934Z
c3a6d507-7163-46af-5824-82b9f5a2d2d5,e66f5152-bb91-495c-70a1-919b8657aacd,b1160aa4-615e-46be-c33f-53b664f1618f,be21f9b6-f267-456a-fb98-0c6914011166,709.78,watch,at_risk,false,sample_text_8219,improving,427.45,sample_text_1561,sample_text_7746,sync_event,2025-07-30T08:48:20.274Z,2025-06-24T15:32:30.307Z
436e241b-f0b8-4734-f74c-ca74458e1f15,44e96aef-1775-4e8c-e285-02e0cadba8e3,baeb778f-0236-4ea0-497b-a0d46e5c6619,0722a489-b5ae-44b9-6098-f053ba33cb34,954.71,critical,watch,false,sample_text_6658,improving,545.22,sample_text_1948,sample_text_6557,sync_event,2025-05-19T14:33:30.460Z,2025-06-16T06:17:34.052Z
9fb8c08a-3272-4d2f-c185-7570eb41754a,4459d0bc-ac12-45e0-2241-37b73184e150,921679af-a07e-442d-b254-00f81e5f665d,d4fea4ac-b3e9-4659-e0f5-b45888289cae,935.44,at_risk,watch,true,sample_text_1462,improving,624.3,sample_text_7648,sample_text_2109,sync_event,2026-02-06T20:24:42.028Z,2026-03-10T20:45:16.166Z
aa22c13d-87ee-4b88-39de-df2e524d0e58,5bcd0cf0-44a3-4e73-1c78-3d3c73e703b3,e394ca10-b5a0-45cc-8730-3524aff8641a,6519c351-b899-4ce9-c8be-1ccc1f8e4278,491.07,at_risk,on_track,true,sample_text_3615,improving,977.31,sample_text_4611,sample_text_3470,manual,2025-11-23T08:07:21.319Z,2026-01-02T06:37:54.495Z
e68f8c95-8f88-4368-2e1e-f6fa66151225,09e8d1ef-f5f0-41fa-38f3-10bac079d03c,3f4d6f7d-05f7-4310-de9f-ae93e46984db,8b5951ea-ddd1-437f-b1f8-d3d2cea21166,461.18,on_track,critical,false,sample_text_8934,stable,453.34,sample_text_2248,sample_text_7064,manual,2025-09-11T06:05:35.006Z,2025-09-30T21:29:18.319Z
24aab6b7-1c54-41f1-08a5-d7472519a229,9a9475d1-a832-46dc-d803-59feef06073e,10539e4e-19ad-49ff-5fb1-13c6a13a9cc0,3a77b0f7-9043-4e12-8e52-ece087207c29,811.64,on_track,on_track,false,sample_text_5103,improving,591.82,sample_text_3483,sample_text_302,sync_event,2025-07-31T13:37:49.253Z,2025-10-15T14:33:22.569Z
0430838c-6174-4503-9c3f-c14492cdb5f6,0ba497e7-4a6e-4b40-b8d5-7f23952ad2cd,7cc152ca-2334-4efd-8c58-4327009bcdb6,17910787-3bc0-4405-6348-eb717ba43c68,187.07,critical,at_risk,true,sample_text_3998,improving,493.29,sample_text_9226,sample_text_1589,manual,2026-03-23T21:31:03.955Z,2025-04-30T15:27:25.689Z
e473173c-1232-406a-3575-363b542b03b0,cd416869-1efc-4398-0a2a-903b79ed2d98,2e858920-a13b-46d3-3f94-8050bb03f098,d7bed816-0ade-4251-cbdc-a5d286cd022b,794.17,at_risk,critical,false,sample_text_1943,improving,339.45,sample_text_8797,sample_text_8105,sync_event,2026-02-11T00:30:54.060Z,2026-02-26T07:30:09.500Z
35505bfc-f374-42dc-f16b-8dd7b5f89419,40dc6875-50a3-4da6-8104-124ea7a529fb,aed83b90-feeb-480d-e57c-176768104c81,2e70929f-4dd3-4571-4318-39fb8f6dd2a5,964.67,watch,critical,false,sample_text_521,improving,320.05,sample_text_651,sample_text_8930,batch_nightly,2025-04-23T19:10:14.564Z,2025-11-19T03:36:10.003Z
42f3f2e0-8ad5-4ecc-e040-08711295c0d2,19b0ce65-5cea-46af-9685-0855cb090984,f902ac6e-7076-46f8-2ee0-d0970401682b,e0c305f7-fc0e-4d62-d8da-63606b5c6081,512.67,on_track,critical,false,sample_text_6016,improving,689.14,sample_text_4880,sample_text_6674,batch_nightly,2025-09-12T07:53:58.739Z,2025-12-12T00:07:46.531Z
c991dcf3-576c-4620-cfc0-0fc16d8734e1,ca649c96-10ee-4d76-dcea-e4beca9603df,89bd14e2-cf78-45ab-904a-7a7f0f4a4010,25223466-997d-46a5-5751-e9815d48ac30,70.68,watch,on_track,true,sample_text_5005,stable,23.16,sample_text_1180,sample_text_5034,manual,2026-04-08T02:49:03.902Z,2025-06-24T00:09:27.442Z
5794bdb7-23bd-422e-64a9-a4c0d9f16e89,43a0c009-5096-4beb-ceb2-2e90d29fa6d1,c41be56c-1b03-4f83-3798-7ff82c84c273,54d489cf-62fb-4a40-2267-3f3268b52600,903.66,at_risk,on_track,true,sample_text_3022,stable,251.07,sample_text_4741,sample_text_6698,sync_event,2026-01-02T03:49:03.199Z,2025-07-01T21:45:04.457Z
b6c16064-b6ee-4429-9b33-08fdb973ae3e,4361747f-bbcd-4426-e55e-5ac00ba3e695,f902ac6e-7076-46f8-2ee0-d0970401682b,dffdd978-57a2-4bc6-4cf1-3898c2c49169,181.74,critical,critical,false,sample_text_4833,improving,298.3,sample_text_613,sample_text_5108,sync_event,2025-12-31T08:05:44.809Z,2025-11-30T21:32:33.699Z
1fb34f52-1556-4251-7d57-7df3c6d13cca,4335fda9-afa6-493e-0026-1aa0263939a5,343e4691-d779-4742-a9b6-c828fbb55b61,0fd6242e-8a30-4b49-a97a-911986bbba77,26.09,at_risk,on_track,true,sample_text_257,stable,593.69,sample_text_3354,sample_text_2397,batch_nightly,2026-03-01T19:40:49.071Z,2025-06-22T15:32:43.633Z
2d8cd409-e5e9-4bb3-5882-19b0edc5dbd1,cfed3b67-1de3-46ea-e76f-c89d08ec289a,16c0f045-ad9e-4d23-8922-374a2534b914,5a06f1dd-ce21-4cb4-285a-7642ffe451bf,836.64,critical,critical,false,sample_text_7340,stable,849.6,sample_text_2897,sample_text_1267,batch_nightly,2025-08-30T01:34:01.559Z,2026-03-01T23:41:07.503Z
5f55e5da-8ce9-44f0-5df6-eb69c6351ebe,12c936b7-76a2-4244-3342-f64b193771af,4ca6797c-e546-4f8b-df90-dbb08907d99e,bc9b64c3-7ac2-47be-b6ba-88c69cdd4231,717.24,watch,at_risk,true,sample_text_3310,improving,229.32,sample_text_6011,sample_text_8992,sync_event,2025-11-12T20:17:16.128Z,2025-04-28T01:05:55.522Z
1d47d7ea-13cc-41cc-4dbe-2c2857f61f11,3e4e588f-bb13-48f9-ae27-231d699b174f,2e858920-a13b-46d3-3f94-8050bb03f098,25223466-997d-46a5-5751-e9815d48ac30,981.36,at_risk,watch,false,sample_text_2939,stable,430.95,sample_text_1021,sample_text_4805,batch_nightly,2025-06-06T02:14:56.818Z,2026-02-23T14:57:39.407Z
4e4e86a7-86f6-441f-5448-32a1acde9372,73e655b7-927f-4010-5d38-ed87d5958465,3d03d7a9-93e0-4b8e-6b5b-e7f8337fab48,2e70929f-4dd3-4571-4318-39fb8f6dd2a5,138.81,at_risk,watch,false,sample_text_4924,improving,702.68,sample_text_2781,sample_text_1889,manual,2025-04-24T12:25:09.489Z,2026-04-10T13:55:29.647Z
c10218c6-292a-4045-4adf-564dd30b3117,f3bdc0f5-709a-4443-3bcd-690202dcd619,521d1584-627e-495f-893e-82a12f5344be,74c04875-f227-4b95-b8e1-02b3e360c29a,482.34,at_risk,critical,true,sample_text_9114,stable,66.15,sample_text_9990,sample_text_2510,manual,2025-11-21T12:01:41.031Z,2025-07-25T16:04:04.958Z
5fd2cde9-8bc5-4474-9226-7eaf3dcbfdff,49c0f8d8-fcc1-4c41-a548-3ff914a66692,343e4691-d779-4742-a9b6-c828fbb55b61,ea5d2f06-29bd-4fae-c4bb-c2ede950d9ab,831.5,critical,watch,false,sample_text_6508,stable,876.98,sample_text_2020,sample_text_886,sync_event,2026-04-03T10:29:37.171Z,2025-08-12T11:05:18.286Z
a4fea8a7-00e2-4ec9-31d2-7d44cb21697c,08c9d53b-5bb4-4a4e-3e69-2fcd9679e99e,b1160aa4-615e-46be-c33f-53b664f1618f,13f8f080-7294-4084-b8b0-e9f602a28092,737.37,at_risk,at_risk,false,sample_text_8056,improving,751.45,sample_text_6258,sample_text_1805,manual,2025-11-18T11:21:22.384Z,2025-07-23T19:37:31.590Z
9b239fa4-5988-4ec3-b23f-505bdd92ea72,40dc6875-50a3-4da6-8104-124ea7a529fb,76fb7096-3d5c-4180-3013-e7a55c8b02bb,54ade2d1-7dfd-4112-f5a3-e8fd47e1621d,980.37,critical,at_risk,false,sample_text_2777,stable,40.23,sample_text_8815,sample_text_6712,batch_nightly,2025-12-18T15:03:32.158Z,2026-02-07T13:03:01.361Z
80b081aa-c548-43d8-0876-758756a3dbc8,31e6dcd8-7b5b-4c54-b419-66da1259c0d7,837a9baf-7fed-4fe4-630e-eeaf60164bcb,74c04875-f227-4b95-b8e1-02b3e360c29a,330.86,on_track,at_risk,true,sample_text_5103,stable,82.61,sample_text_1313,sample_text_9915,batch_nightly,2025-05-05T18:44:55.221Z,2025-12-26T18:41:06.234Z
46acb15a-87bd-4297-cb45-074fe0842a12,ca649c96-10ee-4d76-dcea-e4beca9603df,2a4e5e57-fab3-47be-aa17-438ff8cedd26,d4fea4ac-b3e9-4659-e0f5-b45888289cae,525.03,on_track,watch,false,sample_text_2222,improving,49.42,sample_text_9081,sample_text_1633,manual,2025-06-23T04:45:03.211Z,2026-01-16T12:21:45.351Z
2aba6205-d457-4cd4-7d3e-eedae15fade0,3e334f12-6fd2-4fbe-3f23-a1309343356d,aed83b90-feeb-480d-e57c-176768104c81,ba3c335f-0f94-42bd-b920-49b7e4cc9f58,881.03,at_risk,at_risk,true,sample_text_7735,declining,780.44,sample_text_9926,sample_text_6914,manual,2025-12-08T10:57:48.035Z,2025-12-04T19:26:31.572Z
b0a2f50b-4f83-4c40-aa6d-94333da60eb6,7b4e9cee-f4ce-4983-6f42-9424ff347d5a,b017f20d-2b75-45dd-64d2-722f145a78d0,f7be2c0e-c24c-46c4-da0f-acd1a398cf5f,336.47,on_track,on_track,false,sample_text_9388,improving,589.35,sample_text_4128,sample_text_2424,sync_event,2025-07-27T06:15:46.102Z,2025-10-27T16:41:04.415Z
7e5a1f76-768f-4abd-1362-35434291d9e7,f3bdc0f5-709a-4443-3bcd-690202dcd619,59faa8f0-e266-467f-aa62-7fd97008cad7,5a06f1dd-ce21-4cb4-285a-7642ffe451bf,854.06,at_risk,at_risk,true,sample_text_1574,improving,26.3,sample_text_6749,sample_text_8114,batch_nightly,2025-08-23T07:13:12.036Z,2025-12-09T04:23:16.081Z
bf8fc72d-ae78-4b7e-536f-84f571f21a33,08c9d53b-5bb4-4a4e-3e69-2fcd9679e99e,b017f20d-2b75-45dd-64d2-722f145a78d0,6102968b-897d-437a-890b-316f2bce9016,197.54,on_track,at_risk,false,sample_text_906,declining,539.7,sample_text_6889,sample_text_6531,sync_event,2026-03-24T22:41:20.707Z,2025-11-14T02:27:22.855Z
43c1fa0f-a749-49a1-9510-81da0136c8f8,8a50d483-aa92-4384-4deb-3d5c6bf0f0f7,291d99ad-c85c-4557-8915-25527607d5cf,ea5d2f06-29bd-4fae-c4bb-c2ede950d9ab,699.63,on_track,at_risk,false,sample_text_371,improving,356.23,sample_text_634,sample_text_276,manual,2025-10-05T22:02:20.372Z,2025-07-18T07:25:57.188Z
07192094-6dc3-4d9d-f597-8be0b052a57e,43a0c009-5096-4beb-ceb2-2e90d29fa6d1,c8bf5171-97bd-4a3c-df89-c4059e1474e2,be21f9b6-f267-456a-fb98-0c6914011166,296.07,on_track,critical,false,sample_text_3161,declining,967.85,sample_text_3649,sample_text_2089,manual,2026-02-14T11:54:01.485Z,2026-02-26T09:10:22.914Z
f84d49a8-15f1-434c-4b39-3f301a852909,36fa19ad-37fd-44f9-4a36-73f18ecfe5f4,4fab3abf-dd8f-4d4b-ef39-52d4314418ca,4208b9fe-1dc2-4cf1-348a-6018e91e4ab5,75.79,watch,watch,true,sample_text_3846,improving,192.34,sample_text_7945,sample_text_7873,batch_nightly,2025-04-25T10:00:06.091Z,2025-12-09T21:59:21.498Z
b52e5773-020d-4795-8472-f9262fc21312,49c0f8d8-fcc1-4c41-a548-3ff914a66692,930d6afd-4225-4c87-6245-39cb7a7a0d26,ea5d2f06-29bd-4fae-c4bb-c2ede950d9ab,289.06,critical,watch,true,sample_text_1711,improving,843.41,sample_text_5669,sample_text_4957,batch_nightly,2025-05-26T16:15:09.076Z,2025-06-28T11:06:16.065Z
4eef6c11-00fc-4cb6-2a07-147fa403083d,7e8ad38f-d17c-4824-3c91-c8579a6b5e5f,837a9baf-7fed-4fe4-630e-eeaf60164bcb,e1d67455-26d0-42b8-8392-6c93f05c405f,163.72,critical,on_track,false,sample_text_8877,improving,548.96,sample_text_8073,sample_text_7369,manual,2025-05-16T18:23:32.025Z,2025-06-22T18:44:45.572Z
9680d73b-14ce-42ce-213d-2682ddfc1aed,40dc6875-50a3-4da6-8104-124ea7a529fb,1c4d8e9f-05af-4567-fc15-60738335dd73,65f06e81-ac89-4cf7-22de-983490e0ebd8,84.96,watch,watch,true,sample_text_2603,improving,140.01,sample_text_4948,sample_text_6261,batch_nightly,2025-08-11T06:30:40.288Z,2025-06-29T16:00:00.164Z
c81b339b-8fcd-40a5-6dec-e159323b9228,9a9475d1-a832-46dc-d803-59feef06073e,2bd4f3bc-df4b-49c7-997f-c11868da495a,dffdd978-57a2-4bc6-4cf1-3898c2c49169,567.61,watch,critical,true,sample_text_3690,stable,266.62,sample_text_7200,sample_text_5734,sync_event,2025-10-18T01:41:25.447Z,2025-05-19T07:25:33.061Z
434f54d2-0de2-448e-3aa6-31e89513afed,440eba09-b8a9-4df2-7ce2-88916df0536d,24557b57-0c13-4c0c-a3e9-39903a1a94a3,b7295d46-5a93-4d59-2ad8-1c9c45690419,569.65,critical,at_risk,false,sample_text_3745,declining,195.06,sample_text_4245,sample_text_1995,manual,2026-04-07T07:17:51.237Z,2025-06-02T16:34:31.846Z
4c30d516-a611-4c30-ab37-57b5be0f78dd,152072c0-f075-4a77-bebe-aaa40d5c36c5,fe4720c1-f369-4760-b122-6b324f08f3a3,2b056d3f-290b-40f6-a95a-c2bd8f256bfb,6.05,at_risk,watch,false,sample_text_152,stable,966.18,sample_text_2701,sample_text_3219,batch_nightly,2026-03-10T15:51:39.935Z,2025-10-30T07:51:13.007Z
8ab6a7a1-e9a6-419f-f82d-614eccd824b9,9a9475d1-a832-46dc-d803-59feef06073e,469af544-bb26-4d4c-4b28-ab15c4812991,2e70929f-4dd3-4571-4318-39fb8f6dd2a5,111.63,watch,critical,false,sample_text_5433,stable,786.27,sample_text_339,sample_text_2073,sync_event,2025-07-13T18:42:03.282Z,2026-03-14T06:50:12.466Z
1b8a7f4b-fc1c-46f7-1c91-34f52cd19e44,6ca9565d-394f-4984-5af6-b337411ec843,219980cb-3f77-4414-faeb-5f70b1472a36,6519c351-b899-4ce9-c8be-1ccc1f8e4278,187.45,on_track,on_track,true,sample_text_442,improving,214.87,sample_text_846,sample_text_5791,sync_event,2025-10-08T18:05:58.622Z,2026-04-03T03:04:36.601Z
1d6424ba-f9ec-4eb1-40c6-5d1337131072,4f6d2f72-e04a-4494-a2d8-a7c9330625ec,2d706e75-fd47-4d6b-cc14-10a1bf804d62,6957b173-8384-43f0-f5c0-00651e3558ed,981.7,critical,watch,false,sample_text_4410,improving,224.49,sample_text_2373,sample_text_4758,batch_nightly,2025-05-05T04:14:20.887Z,2025-12-04T20:19:34.203Z
5746325c-82be-4434-f48d-1bced7dde4bf,f61f2a14-3a64-4170-c4e0-7f394614ec15,291d99ad-c85c-4557-8915-25527607d5cf,e8af06e0-177d-490e-4336-0f3f589e7032,728.75,watch,on_track,true,sample_text_6499,stable,671.1,sample_text_9613,sample_text_4185,sync_event,2025-11-10T19:41:04.747Z,2026-02-23T05:33:44.965Z
008c625b-bfe5-4a02-433e-71074f128952,83c0f5a4-11a8-4b1f-5064-e6047d878674,8fcce2e7-79c7-439d-1c00-1a62a46a56f2,c332913e-f978-4697-8564-8dcfb96a2a2e,742.26,on_track,at_risk,false,sample_text_7520,stable,319.66,sample_text_6532,sample_text_391,manual,2025-09-15T01:45:47.142Z,2025-11-07T02:01:46.840Z
42d6e969-5e9a-42f4-903a-e06242c85ece,6fd51bd1-cbdc-4c3a-0686-e52d7fe6061c,13f8f388-7de1-4383-f922-a0d8a397e76c,4596734f-0db4-436c-549e-7e7f79d36af2,181.01,watch,at_risk,true,sample_text_1765,stable,143.22,sample_text_4161,sample_text_9936,sync_event,2025-10-03T04:49:30.137Z,2025-07-06T21:48:38.187Z
166582a4-e60d-46e9-178e-931abd1f3e6e,0519f110-4080-47f1-0e4d-53c0e3b18659,1eca3985-996e-497f-4644-294968d742b8,65f06e81-ac89-4cf7-22de-983490e0ebd8,56.57,critical,at_risk,true,sample_text_3275,improving,759.5,sample_text_997,sample_text_5802,sync_event,2025-06-09T15:56:35.068Z,2026-02-16T20:34:25.732Z
f651f03c-a400-4571-19c9-ed4edc4bbd7b,ab6bc2eb-0064-48a7-7f0c-9a1783bcd064,5eca5363-069f-462b-ef13-7dba299c99d9,e0c305f7-fc0e-4d62-d8da-63606b5c6081,648.9,critical,on_track,false,sample_text_3292,improving,566.55,sample_text_5563,sample_text_5395,batch_nightly,2025-09-10T21:51:03.805Z,2025-10-31T22:06:43.554Z
cbd6cfce-9a1e-43a9-a18d-6207c8d9a433,1458a564-2503-4c4e-98fd-ff8eee30f920,469af544-bb26-4d4c-4b28-ab15c4812991,2124bbec-e88b-4162-5564-d47bce316861,963.21,at_risk,watch,true,sample_text_8460,stable,661.91,sample_text_6492,sample_text_8025,batch_nightly,2026-03-17T07:23:13.653Z,2025-10-22T21:44:22.285Z
e2e4023f-7fa1-4567-7d1b-710f5361e5c4,12c936b7-76a2-4244-3342-f64b193771af,a41d4030-6171-4181-a953-5d0104c592fd,4596734f-0db4-436c-549e-7e7f79d36af2,894.95,critical,at_risk,true,sample_text_3764,stable,266.89,sample_text_9848,sample_text_5024,batch_nightly,2025-12-18T04:41:10.331Z,2025-12-03T19:59:24.028Z
7b827ac0-78a7-4c4e-3a1b-ab37c0bb5938,8e053e88-8c6b-4a2d-0248-e26f6841348e,b9a92613-a49f-49ac-02ac-12389b77c55c,498f99d2-2bb8-4fdc-f970-b259cb9a357d,307,at_risk,watch,false,sample_text_5188,stable,105.51,sample_text_1654,sample_text_8691,manual,2026-04-05T15:46:14.398Z,2025-06-23T14:45:22.302Z
ea07acd0-96ec-415c-36fc-2ff6949070f4,7e33c19d-304d-44cf-6308-c84646b5b9b6,8fcce2e7-79c7-439d-1c00-1a62a46a56f2,4596734f-0db4-436c-549e-7e7f79d36af2,234.52,at_risk,at_risk,false,sample_text_1705,improving,28.2,sample_text_3959,sample_text_4455,manual,2026-02-20T03:19:41.199Z,2026-02-24T03:42:10.270Z
fed64ee9-9d82-42a2-8eb1-f35f18b5dfd8,0519f110-4080-47f1-0e4d-53c0e3b18659,615ffcad-04ca-4584-4505-45cbefd50d58,a4c941c0-1389-4963-35ca-80dd77dbf0b1,44.66,on_track,critical,true,sample_text_6536,declining,541.9,sample_text_4789,sample_text_3626,batch_nightly,2026-01-01T15:27:31.840Z,2025-05-26T07:55:37.601Z
8c0f8e45-962d-4307-85e2-6d1b2535acd0,19b0ce65-5cea-46af-9685-0855cb090984,521d1584-627e-495f-893e-82a12f5344be,5a06f1dd-ce21-4cb4-285a-7642ffe451bf,305.66,watch,watch,true,sample_text_5165,improving,464.51,sample_text_6007,sample_text_7987,sync_event,2025-06-03T17:42:58.683Z,2025-06-21T22:16:02.945Z
448a6aaa-e781-44cd-010d-98bca65cd085,3e4e588f-bb13-48f9-ae27-231d699b174f,24557b57-0c13-4c0c-a3e9-39903a1a94a3,4093c4b9-ab29-4d4d-5257-2a95cec7c9ca,706.65,watch,watch,false,sample_text_3915,improving,654.34,sample_text_3531,sample_text_2388,batch_nightly,2026-03-07T12:21:39.904Z,2025-08-06T00:44:30.401Z
9bf461f0-4d9e-4a2b-3fbf-150123c16fee,5bcd0cf0-44a3-4e73-1c78-3d3c73e703b3,7006fd96-e3f8-4225-33e4-be34d610ffbb,7e11bf19-f618-405d-a65a-b71fca80e360,990.25,at_risk,watch,false,sample_text_3429,improving,360.39,sample_text_1695,sample_text_7139,batch_nightly,2026-04-07T21:59:24.845Z,2026-02-01T13:03:51.557Z
b2b50230-1c49-47f7-a54a-da24d2ad2dc1,d914d5ce-2aec-454b-3d59-d028d03124f6,1c4d8e9f-05af-4567-fc15-60738335dd73,7e11bf19-f618-405d-a65a-b71fca80e360,114.78,on_track,on_track,false,sample_text_946,stable,613.49,sample_text_7226,sample_text_1415,batch_nightly,2026-01-12T04:28:00.185Z,2026-02-18T15:21:00.331Z
c5dde937-f934-40e8-2d9a-c05b5caf8b32,a37257b2-9391-4433-6110-687c09f379ec,930d6afd-4225-4c87-6245-39cb7a7a0d26,b7295d46-5a93-4d59-2ad8-1c9c45690419,4.94,on_track,at_risk,true,sample_text_4048,improving,644.73,sample_text_5264,sample_text_9051,sync_event,2025-08-06T22:45:05.907Z,2026-01-01T12:15:32.354Z
9d09d6ae-99a1-4efd-db2a-c77cd06ea491,7e8ad38f-d17c-4824-3c91-c8579a6b5e5f,c41be56c-1b03-4f83-3798-7ff82c84c273,e8af06e0-177d-490e-4336-0f3f589e7032,421.7,at_risk,critical,false,sample_text_311,stable,697.78,sample_text_4147,sample_text_729,manual,2025-11-12T04:16:25.797Z,2025-07-04T19:23:34.802Z
3a77f1f6-1e6f-438d-6d8e-b8b886fb2b50,440eba09-b8a9-4df2-7ce2-88916df0536d,0898bc8a-8083-4b0c-faf9-0f5d0224e73e,4bd78a73-fe22-48ea-15fa-41d669387bca,635.42,watch,watch,false,sample_text_2568,improving,857.79,sample_text_6216,sample_text_3074,manual,2025-07-21T04:57:05.869Z,2025-05-03T10:55:43.775Z
6fdf3394-9e19-47d4-ac38-2ecbc32ae7b2,230051a7-77f6-49c9-6d7a-c1c341da56c9,32a1daeb-123e-4dbe-b622-aea59b73722d,19db1755-d84d-444d-e869-b9575b91a188,613.95,critical,critical,true,sample_text_6903,stable,876.34,sample_text_8705,sample_text_1325,sync_event,2025-04-23T20:50:09.146Z,2025-05-14T19:50:05.935Z
e10d449d-0786-4057-00e7-b86c1fec5d3a,974aa30d-547e-4e21-86d6-1f3c34623f7f,73370ee3-24e1-494c-b530-e79710873eeb,03214f9a-c5a4-4460-ced2-c112d1bb3fd7,124.83,critical,on_track,false,sample_text_9617,declining,697.54,sample_text_6392,sample_text_6454,sync_event,2025-06-29T02:25:34.396Z,2026-02-23T13:41:15.336Z
2ad11393-8c29-4ac1-4639-f401bd74d107,3e334f12-6fd2-4fbe-3f23-a1309343356d,5eca5363-069f-462b-ef13-7dba299c99d9,16da0aa9-712e-4a53-68eb-adf5203ce5f3,202.99,watch,critical,false,sample_text_2181,stable,575.14,sample_text_9576,sample_text_3457,sync_event,2025-11-24T19:14:03.202Z,2025-07-31T09:45:17.399Z
4c12ef9a-02b4-428c-fd4f-cba269a2420d,0519f110-4080-47f1-0e4d-53c0e3b18659,10539e4e-19ad-49ff-5fb1-13c6a13a9cc0,fedd2ec4-9079-4585-92e4-8f187adb6077,265.55,critical,critical,false,sample_text_1400,improving,560.15,sample_text_5441,sample_text_414,sync_event,2025-09-09T23:26:45.759Z,2025-11-04T17:12:43.486Z
bf8a7cf7-4914-4bbe-3ca8-8924072c81f9,942582d6-df90-465e-0a7c-344463dcc5fc,343e4691-d779-4742-a9b6-c828fbb55b61,74c04875-f227-4b95-b8e1-02b3e360c29a,535.88,watch,at_risk,true,sample_text_4456,stable,478.27,sample_text_7310,sample_text_6970,batch_nightly,2025-09-17T08:03:19.935Z,2026-03-27T19:03:18.990Z
130b7c7b-dafa-4ae4-aabc-09f3f9b56dfa,0ba497e7-4a6e-4b40-b8d5-7f23952ad2cd,7d85b267-ac94-499b-94c1-eff3632a4d8b,b0782916-21a5-481a-97bd-7ef718c52928,977.92,critical,at_risk,false,sample_text_8112,stable,359.34,sample_text_4960,sample_text_3971,sync_event,2026-03-18T14:55:34.779Z,2025-09-09T18:34:46.929Z
47338ab3-3520-4bb9-1bbc-c9ea2483c3bf,44e96aef-1775-4e8c-e285-02e0cadba8e3,c0b731c7-72d6-4cbc-7d82-0603fe27478a,c78c5124-c1d8-4d07-34a7-2182a01f0be8,160.31,at_risk,on_track,true,sample_text_2641,declining,858.97,sample_text_1478,sample_text_4821,sync_event,2025-07-20T07:42:41.704Z,2025-05-11T12:58:12.361Z
03bd54ec-2e39-47cd-caa1-9c2199efc92c,3e4e588f-bb13-48f9-ae27-231d699b174f,e112e16e-d7d4-47de-a1f6-038db1f702ae,64ec3e55-98e5-4988-4aa0-1d96e91fa677,269.79,on_track,critical,false,sample_text_5147,improving,929.79,sample_text_1909,sample_text_2850,sync_event,2025-07-19T10:15:14.490Z,2026-03-11T06:19:05.551Z
f2db5800-6204-4658-299e-43fbfcbbfafa,40dc6875-50a3-4da6-8104-124ea7a529fb,10539e4e-19ad-49ff-5fb1-13c6a13a9cc0,19db1755-d84d-444d-e869-b9575b91a188,345.96,watch,critical,false,sample_text_3801,improving,533.17,sample_text_2305,sample_text_5430,sync_event,2026-02-24T02:50:29.348Z,2025-05-11T00:59:03.522Z
3b59221f-db4c-4a43-4d58-947a6828c105,0ba497e7-4a6e-4b40-b8d5-7f23952ad2cd,baeb778f-0236-4ea0-497b-a0d46e5c6619,d7bed816-0ade-4251-cbdc-a5d286cd022b,79.72,critical,critical,false,sample_text_1941,improving,370.49,sample_text_1753,sample_text_4832,batch_nightly,2026-02-06T11:54:57.052Z,2025-11-15T00:48:14.828Z
e2e9981d-ba1c-406d-9dc3-a025aef110b3,36fa19ad-37fd-44f9-4a36-73f18ecfe5f4,b1160aa4-615e-46be-c33f-53b664f1618f,7e11bf19-f618-405d-a65a-b71fca80e360,62,critical,watch,false,sample_text_9132,declining,925.16,sample_text_7522,sample_text_6331,manual,2025-10-25T21:33:28.844Z,2026-04-07T14:12:39.297Z
8e87b47d-c51b-42c9-56a1-0d678bfc4fcc,4f6d2f72-e04a-4494-a2d8-a7c9330625ec,1eca3985-996e-497f-4644-294968d742b8,5a06f1dd-ce21-4cb4-285a-7642ffe451bf,283.36,at_risk,at_risk,true,sample_text_7458,improving,799.53,sample_text_8104,sample_text_3122,batch_nightly,2025-09-06T16:21:54.816Z,2025-11-26T02:35:19.419Z
352cf2e6-993f-4a17-a29d-757bc28a5074,74996144-2438-4454-03fb-d777b4c9db8b,76fb7096-3d5c-4180-3013-e7a55c8b02bb,dea171a2-9f22-43d0-5d21-68fd32193d85,551.33,at_risk,watch,true,sample_text_5464,improving,85.21,sample_text_6418,sample_text_2687,manual,2025-04-23T19:27:50.951Z,2025-07-02T22:04:38.271Z
d4f49eb0-c51b-4725-ab2b-ab4046325ce3,31e6dcd8-7b5b-4c54-b419-66da1259c0d7,13905047-dc05-4f11-21d1-ceb2ff2a4ead,16da0aa9-712e-4a53-68eb-adf5203ce5f3,455.68,watch,watch,true,sample_text_6698,improving,813.93,sample_text_3335,sample_text_7649,sync_event,2025-10-23T03:16:34.599Z,2025-06-26T16:05:26.226Z
e521efd9-9cf9-4b39-35be-03b2443ce625,44e96aef-1775-4e8c-e285-02e0cadba8e3,fe4720c1-f369-4760-b122-6b324f08f3a3,4392a6e2-b231-4942-8243-57426e266e6b,132.19,at_risk,watch,false,sample_text_8509,stable,712.3,sample_text_9977,sample_text_9440,batch_nightly,2025-07-02T20:05:25.000Z,2026-03-10T17:03:16.283Z
1a472ed4-8d3e-4a2a-ec4a-ba016d29cd78,230051a7-77f6-49c9-6d7a-c1c341da56c9,c0b731c7-72d6-4cbc-7d82-0603fe27478a,c78c5124-c1d8-4d07-34a7-2182a01f0be8,209.46,on_track,on_track,true,sample_text_9080,declining,944.88,sample_text_8871,sample_text_4568,batch_nightly,2025-09-15T14:12:29.800Z,2025-08-04T15:19:46.736Z
eefc5874-2610-4c7c-18ad-727ddb23a28e,6fd51bd1-cbdc-4c3a-0686-e52d7fe6061c,2e842555-494e-4eac-25b2-d2a4430cc9ed,7e11bf19-f618-405d-a65a-b71fca80e360,19.88,critical,at_risk,false,sample_text_5392,stable,515.14,sample_text_8634,sample_text_7778,batch_nightly,2026-02-19T13:54:44.916Z,2025-09-17T02:59:40.096Z
bb3148c9-5f29-4a26-2c10-311a5c5ac60b,8896db36-2d61-437b-b2c1-dc033ac04606,e112e16e-d7d4-47de-a1f6-038db1f702ae,a4c941c0-1389-4963-35ca-80dd77dbf0b1,828.63,on_track,watch,true,sample_text_6947,stable,556.21,sample_text_9897,sample_text_1170,batch_nightly,2025-04-19T01:32:31.544Z,2025-09-05T22:11:39.882Z
bf784059-dd37-4658-3518-af9b0e365531,83c0f5a4-11a8-4b1f-5064-e6047d878674,615ffcad-04ca-4584-4505-45cbefd50d58,54d489cf-62fb-4a40-2267-3f3268b52600,907.02,critical,on_track,true,sample_text_700,stable,642.15,sample_text_4670,sample_text_4062,batch_nightly,2025-05-18T06:48:35.136Z,2025-06-10T04:08:38.413Z
4c1dad03-b282-419b-dcb2-2d23d4d7151e,ca649c96-10ee-4d76-dcea-e4beca9603df,545d1106-2b34-4e12-24da-7673253ca1d7,19db1755-d84d-444d-e869-b9575b91a188,530.05,watch,at_risk,true,sample_text_6158,improving,622.32,sample_text_7415,sample_text_261,batch_nightly,2025-05-05T19:14:30.524Z,2025-05-25T01:23:01.681Z
56068236-a830-425e-1056-a6c756f0642e,1458a564-2503-4c4e-98fd-ff8eee30f920,930d6afd-4225-4c87-6245-39cb7a7a0d26,b0782916-21a5-481a-97bd-7ef718c52928,13.58,on_track,watch,false,sample_text_8174,stable,980.6,sample_text_6656,sample_text_6419,sync_event,2025-04-12T15:34:47.990Z,2026-01-27T02:32:43.417Z
1c3027bb-c906-40de-87ce-32f88f5c70ac,98dc63d7-8988-4ff8-b7ca-2ab8d1f39352,837a9baf-7fed-4fe4-630e-eeaf60164bcb,c66275ef-e983-4492-b064-baf99e43dc48,845.34,on_track,critical,true,sample_text_2808,stable,3.27,sample_text_6353,sample_text_1011,manual,2025-07-07T20:54:05.427Z,2025-11-29T21:37:25.131Z
ef455704-8f4f-4393-8347-4f94eab8a34c,26241fc8-1326-4f27-2a84-eb284a0bd4ba,f56bd850-ae1d-4c12-1f67-ecd289df1620,46fff7f9-22ea-4d66-d928-6faef1615cb1,883.36,watch,on_track,false,sample_text_2326,improving,271.08,sample_text_8250,sample_text_4130,batch_nightly,2025-09-04T13:58:33.910Z,2025-07-26T10:30:56.415Z
1ace866a-ef76-4e9b-2678-d9620bbeaea6,2d6bfb42-752b-4b9d-3444-de223d3aae60,3d03d7a9-93e0-4b8e-6b5b-e7f8337fab48,f7376c60-c4c1-40a6-0e8d-b7350c7903b9,569.7,watch,critical,false,sample_text_1800,stable,173.88,sample_text_4372,sample_text_6235,manual,2025-06-15T00:14:42.826Z,2025-12-16T07:17:37.002Z
543fe505-594b-40a7-2e35-6b3055d0fc98,0519f110-4080-47f1-0e4d-53c0e3b18659,4ca6797c-e546-4f8b-df90-dbb08907d99e,4cf4f4e8-2f0c-4643-9aad-2f0db304dfb5,424.86,watch,critical,true,sample_text_8720,improving,27.3,sample_text_4935,sample_text_3387,manual,2025-07-15T00:43:20.499Z,2025-07-22T15:12:19.164Z
d8cf3364-4333-473d-db68-8b1136b4bdaa,3aaad658-14e8-4861-52c9-2341f1d4e7da,291d99ad-c85c-4557-8915-25527607d5cf,e8af06e0-177d-490e-4336-0f3f589e7032,522.33,watch,on_track,true,sample_text_8967,declining,859.89,sample_text_8220,sample_text_3170,sync_event,2026-01-30T14:16:13.564Z,2025-10-12T11:29:21.491Z
0cfd3d78-6b2f-4584-1a81-cc3ea05b70a5,0ba497e7-4a6e-4b40-b8d5-7f23952ad2cd,89bd14e2-cf78-45ab-904a-7a7f0f4a4010,811fa638-950c-4dcd-9d4a-1646dcad8ab0,23.44,watch,at_risk,true,sample_text_1606,stable,953.39,sample_text_8217,sample_text_8963,batch_nightly,2025-07-28T19:29:30.283Z,2026-02-05T01:48:19.990Z
69d1ec4b-ae63-4871-65aa-ad126f2e94bc,0519f110-4080-47f1-0e4d-53c0e3b18659,7e8192d3-756a-4974-209e-dc1ea1cca26e,9cea5bfa-f680-4f94-e07c-4a7ee5179da7,651.69,critical,critical,false,sample_text_3710,improving,653.12,sample_text_8347,sample_text_50,manual,2025-07-22T04:44:16.798Z,2026-04-02T20:57:19.833Z
7cdc6961-bc88-447b-385f-88d4a914fb17,2815d421-fa85-4846-4e67-32f2b052db68,4c81bc97-321d-48c5-d316-8243b2e8187e,dea171a2-9f22-43d0-5d21-68fd32193d85,663.86,on_track,at_risk,false,sample_text_626,improving,256.03,sample_text_354,sample_text_2294,batch_nightly,2026-02-03T10:41:56.052Z,2025-05-19T17:49:26.573Z
4309837b-64f1-4a88-31cd-f874ae2ab7c5,cd807608-c28a-4e54-37b1-20305ffdcd5c,7cc152ca-2334-4efd-8c58-4327009bcdb6,a4c941c0-1389-4963-35ca-80dd77dbf0b1,489.89,on_track,at_risk,false,sample_text_2658,stable,503.56,sample_text_8055,sample_text_3730,manual,2025-05-14T22:29:33.596Z,2025-06-09T07:49:24.961Z
64a181e4-5f4e-49f7-1d95-889f74cc97e1,cd416869-1efc-4398-0a2a-903b79ed2d98,f0fe80e2-ee98-4631-fd46-bedaa4937130,13f8f080-7294-4084-b8b0-e9f602a28092,345.83,critical,on_track,true,sample_text_6917,improving,867.82,sample_text_7415,sample_text_1514,sync_event,2025-07-27T11:12:00.560Z,2025-11-11T12:00:28.651Z
5870848a-ef89-4ae8-4d11-ec127ab75eda,8a50d483-aa92-4384-4deb-3d5c6bf0f0f7,eb97341d-2385-4175-9a86-c3256608e18e,811fa638-950c-4dcd-9d4a-1646dcad8ab0,922.29,critical,on_track,false,sample_text_6045,improving,80.49,sample_text_3044,sample_text_1548,batch_nightly,2025-10-15T10:54:59.872Z,2025-05-07T11:23:51.955Z
e94c351e-7f32-4494-9a2c-e6324fce4d9d,2de16969-104d-43a0-bfd9-fe690d9d6eac,661bcb95-f84e-4871-e1c4-675bf8171439,16da0aa9-712e-4a53-68eb-adf5203ce5f3,874.55,watch,watch,true,sample_text_7592,improving,920.25,sample_text_7974,sample_text_8278,batch_nightly,2025-08-11T14:24:38.596Z,2026-03-16T20:40:49.682Z
3e2af6d3-1669-444e-a3f5-b49f8fb2bf72,4ca4247e-c61f-4837-bf77-9c36a300d1a6,a41d4030-6171-4181-a953-5d0104c592fd,811fa638-950c-4dcd-9d4a-1646dcad8ab0,972.95,watch,at_risk,true,sample_text_9849,improving,36.31,sample_text_1129,sample_text_7533,batch_nightly,2025-05-20T01:42:56.289Z,2026-02-16T15:27:29.662Z
3ff862ab-5f21-4ea5-a94e-056267c1dc1b,2de16969-104d-43a0-bfd9-fe690d9d6eac,3f4d6f7d-05f7-4310-de9f-ae93e46984db,be21f9b6-f267-456a-fb98-0c6914011166,918.87,on_track,watch,false,sample_text_6448,improving,108.98,sample_text_4569,sample_text_9897,manual,2026-03-13T04:16:25.901Z,2025-05-22T19:11:41.720Z
e8209cba-407d-4f0b-c39b-dc52db380469,8a50d483-aa92-4384-4deb-3d5c6bf0f0f7,76fb7096-3d5c-4180-3013-e7a55c8b02bb,4bd78a73-fe22-48ea-15fa-41d669387bca,359.4,watch,at_risk,true,sample_text_1330,improving,434.85,sample_text_1542,sample_text_7481,manual,2025-05-04T08:50:28.210Z,2025-04-19T15:27:43.021Z
27a0d56e-9d6f-4a56-d076-defaa3df8140,43a0c009-5096-4beb-ceb2-2e90d29fa6d1,e394ca10-b5a0-45cc-8730-3524aff8641a,4bd78a73-fe22-48ea-15fa-41d669387bca,631.83,on_track,on_track,false,sample_text_8586,improving,90.36,sample_text_5082,sample_text_8169,manual,2026-03-12T22:11:48.044Z,2025-11-17T06:18:01.930Z
a6ceef94-a059-4847-8672-993bb092f252,5354d00b-34f0-4a88-58d4-8decde6ce2ee,291d99ad-c85c-4557-8915-25527607d5cf,03214f9a-c5a4-4460-ced2-c112d1bb3fd7,890.57,on_track,on_track,true,sample_text_4618,improving,678.81,sample_text_3638,sample_text_9204,manual,2026-02-16T12:32:04.152Z,2025-09-22T18:41:25.876Z
e8e92e11-44f2-4102-571f-72be4766125c,98dc63d7-8988-4ff8-b7ca-2ab8d1f39352,837a9baf-7fed-4fe4-630e-eeaf60164bcb,d7bed816-0ade-4251-cbdc-a5d286cd022b,124.69,watch,at_risk,true,sample_text_1950,improving,375.71,sample_text_3749,sample_text_9918,sync_event,2025-12-07T01:34:27.568Z,2026-03-27T07:22:18.043Z
37049645-d19e-4713-c3ad-bd487c488e8c,ef30f378-ae06-4200-e466-b63a46dd4365,4ca6797c-e546-4f8b-df90-dbb08907d99e,4208b9fe-1dc2-4cf1-348a-6018e91e4ab5,297.89,at_risk,on_track,true,sample_text_1335,improving,117.43,sample_text_831,sample_text_6773,batch_nightly,2025-05-10T13:55:20.104Z,2025-11-16T14:52:04.430Z
47f5b13d-f504-466e-0f5f-b80b3b4b10d2,5354d00b-34f0-4a88-58d4-8decde6ce2ee,0898bc8a-8083-4b0c-faf9-0f5d0224e73e,b6b48427-ef43-4c99-d43d-03d0dfbc0dae,447.42,watch,at_risk,false,sample_text_7418,improving,978.03,sample_text_2641,sample_text_9092,batch_nightly,2025-11-06T23:11:33.627Z,2026-02-04T15:46:11.421Z
2534ecbb-0744-491e-1927-29b166d5eae3,8a50d483-aa92-4384-4deb-3d5c6bf0f0f7,73370ee3-24e1-494c-b530-e79710873eeb,5a06f1dd-ce21-4cb4-285a-7642ffe451bf,523.22,on_track,watch,false,sample_text_719,improving,746.18,sample_text_6408,sample_text_2333,sync_event,2025-10-05T01:27:55.033Z,2026-03-06T19:02:14.169Z
66373df0-84bf-4448-5759-e79efacc7e42,60bb9abd-ad4f-43fe-d09e-d416a48001a5,f56bd850-ae1d-4c12-1f67-ecd289df1620,06ced9fd-92f2-4e18-6b43-e71a9ddc25a7,561.82,watch,on_track,true,sample_text_4519,improving,935.69,sample_text_3826,sample_text_3232,manual,2026-02-26T15:09:33.815Z,2025-11-27T08:28:39.017Z
2b2cf788-7880-4693-f45c-1d8fd2812318,cfed3b67-1de3-46ea-e76f-c89d08ec289a,f902ac6e-7076-46f8-2ee0-d0970401682b,811fa638-950c-4dcd-9d4a-1646dcad8ab0,880.62,on_track,watch,false,sample_text_4876,stable,853.36,sample_text_503,sample_text_8006,manual,2025-09-23T18:54:24.431Z,2026-01-19T02:08:25.627Z
196c6bc1-3402-422f-9e97-9911128b378b,7e8ad38f-d17c-4824-3c91-c8579a6b5e5f,c41be56c-1b03-4f83-3798-7ff82c84c273,f7376c60-c4c1-40a6-0e8d-b7350c7903b9,399.12,critical,at_risk,false,sample_text_6377,improving,151.2,sample_text_6684,sample_text_6572,batch_nightly,2025-04-13T11:36:00.843Z,2025-12-01T21:07:09.276Z
d433f1e6-6d0b-457e-c35c-cec1872f490f,3e4e588f-bb13-48f9-ae27-231d699b174f,24557b57-0c13-4c0c-a3e9-39903a1a94a3,b0782916-21a5-481a-97bd-7ef718c52928,763.13,watch,critical,true,sample_text_8134,stable,551.52,sample_text_7636,sample_text_2152,manual,2025-09-19T06:30:38.275Z,2026-02-03T03:24:18.699Z
81dbff79-476f-4143-ed06-608d76ab0d55,4459d0bc-ac12-45e0-2241-37b73184e150,13905047-dc05-4f11-21d1-ceb2ff2a4ead,4bd78a73-fe22-48ea-15fa-41d669387bca,219.51,on_track,watch,false,sample_text_3679,improving,283.15,sample_text_1220,sample_text_2641,batch_nightly,2025-07-16T16:59:29.164Z,2026-03-06T21:57:19.958Z
4b162704-e883-4583-5bd9-7d8bb85d114f,31e6dcd8-7b5b-4c54-b419-66da1259c0d7,00e48b05-b6cb-410f-1525-6668c44bdb40,2e70929f-4dd3-4571-4318-39fb8f6dd2a5,197.32,watch,watch,true,sample_text_8193,improving,825.53,sample_text_3006,sample_text_7462,manual,2025-11-16T20:17:39.778Z,2025-04-28T04:22:27.200Z
5fee1928-3824-4587-ea86-7c19e05b2a36,d914d5ce-2aec-454b-3d59-d028d03124f6,2d706e75-fd47-4d6b-cc14-10a1bf804d62,c66275ef-e983-4492-b064-baf99e43dc48,444.75,watch,on_track,true,sample_text_5785,stable,384.93,sample_text_1242,sample_text_1429,sync_event,2026-01-26T22:34:10.717Z,2026-03-10T01:02:07.885Z
0901b1ee-5691-47c2-d497-49e93857f1a1,dc5c38cd-11bd-4d48-b540-0659ffe8f55b,1eca3985-996e-497f-4644-294968d742b8,c78c5124-c1d8-4d07-34a7-2182a01f0be8,174.14,critical,critical,false,sample_text_1567,improving,531.19,sample_text_5577,sample_text_8213,manual,2025-12-24T06:37:50.246Z,2026-03-26T14:35:09.177Z
f2f9f047-79a4-47a5-43fb-2b3884cd3483,0519f110-4080-47f1-0e4d-53c0e3b18659,89bd14e2-cf78-45ab-904a-7a7f0f4a4010,3a77b0f7-9043-4e12-8e52-ece087207c29,305.63,on_track,on_track,false,sample_text_1791,improving,797.81,sample_text_8504,sample_text_2924,sync_event,2025-11-10T15:12:17.234Z,2026-02-07T20:38:52.956Z
c518e82d-d361-4b81-207e-9ad256ff5169,8a50d483-aa92-4384-4deb-3d5c6bf0f0f7,219980cb-3f77-4414-faeb-5f70b1472a36,9be48baf-ea62-428b-5314-b93e866b53ee,517.64,watch,on_track,true,sample_text_6890,declining,86.14,sample_text_8762,sample_text_600,batch_nightly,2025-05-10T05:40:52.834Z,2026-01-05T18:55:09.389Z
370036f0-6017-422a-8826-b354fba841e7,cd807608-c28a-4e54-37b1-20305ffdcd5c,e394ca10-b5a0-45cc-8730-3524aff8641a,4bd78a73-fe22-48ea-15fa-41d669387bca,86.1,on_track,watch,false,sample_text_8465,improving,26.89,sample_text_9893,sample_text_4351,manual,2025-10-16T21:20:59.035Z,2026-02-23T20:14:37.089Z
e955feb3-c0a6-4bde-600d-e8aada68a440,f3bdc0f5-709a-4443-3bcd-690202dcd619,469af544-bb26-4d4c-4b28-ab15c4812991,17910787-3bc0-4405-6348-eb717ba43c68,244.79,watch,at_risk,true,sample_text_6321,stable,520.64,sample_text_9924,sample_text_4709,manual,2025-07-19T11:12:35.869Z,2025-10-13T05:27:10.526Z
17dfb096-9be0-4396-20e8-d6821cf141a1,49c0f8d8-fcc1-4c41-a548-3ff914a66692,521d1584-627e-495f-893e-82a12f5344be,6519c351-b899-4ce9-c8be-1ccc1f8e4278,458.66,at_risk,critical,false,sample_text_3829,stable,160.26,sample_text_1459,sample_text_7579,manual,2026-03-31T15:23:42.360Z,2025-04-19T11:30:33.034Z
4e3a6ab3-04ca-4137-4bcf-1bae5d52b60a,5cca90e9-35ef-4b60-da97-176e79a801fd,73370ee3-24e1-494c-b530-e79710873eeb,ab3122ad-bfd7-47ca-89a1-eaf06119fc0f,877.46,watch,watch,false,sample_text_6387,stable,349.69,sample_text_846,sample_text_4001,manual,2026-03-20T09:01:59.081Z,2026-02-10T17:36:49.057Z
613b75df-25af-4f49-acef-07aa9849b813,cfed3b67-1de3-46ea-e76f-c89d08ec289a,4fab3abf-dd8f-4d4b-ef39-52d4314418ca,b6b48427-ef43-4c99-d43d-03d0dfbc0dae,238.26,watch,at_risk,false,sample_text_3058,stable,944.18,sample_text_6673,sample_text_7829,sync_event,2026-02-02T20:39:22.893Z,2026-02-03T12:49:09.214Z
f8b18ee8-1abe-403b-1b82-698554c31a37,36fa19ad-37fd-44f9-4a36-73f18ecfe5f4,76fb7096-3d5c-4180-3013-e7a55c8b02bb,4596734f-0db4-436c-549e-7e7f79d36af2,952.61,watch,on_track,true,sample_text_4285,declining,121.39,sample_text_3382,sample_text_1355,manual,2025-11-10T06:46:02.102Z,2026-02-21T20:35:39.244Z
7d609ddb-88f7-4154-11d4-32cd1a485056,6ca9565d-394f-4984-5af6-b337411ec843,4c81bc97-321d-48c5-d316-8243b2e8187e,b0782916-21a5-481a-97bd-7ef718c52928,311.57,on_track,critical,false,sample_text_2460,declining,117.76,sample_text_3949,sample_text_8684,sync_event,2025-08-04T22:22:32.217Z,2025-11-12T02:12:49.125Z
29e35e8c-e64a-4b30-512a-a05627bb9a18,36fa19ad-37fd-44f9-4a36-73f18ecfe5f4,4c81bc97-321d-48c5-d316-8243b2e8187e,2b056d3f-290b-40f6-a95a-c2bd8f256bfb,276.89,critical,watch,true,sample_text_3087,stable,324.64,sample_text_4923,sample_text_6779,sync_event,2025-11-06T16:56:12.403Z,2025-04-29T08:11:08.002Z
bfd0926e-a5f1-43d4-6b3e-ed8e5136e7dc,230051a7-77f6-49c9-6d7a-c1c341da56c9,e112e16e-d7d4-47de-a1f6-038db1f702ae,64ec3e55-98e5-4988-4aa0-1d96e91fa677,13.98,critical,at_risk,true,sample_text_8553,declining,798.22,sample_text_7842,sample_text_2181,manual,2025-05-01T09:44:58.869Z,2025-09-29T20:38:02.371Z
27951d54-848e-42a5-9f41-81d2ccd6228c,cfed3b67-1de3-46ea-e76f-c89d08ec289a,94dc4310-c140-4af7-8a5b-88c24ff5a5d3,dea171a2-9f22-43d0-5d21-68fd32193d85,462.64,at_risk,watch,false,sample_text_2616,declining,887.47,sample_text_878,sample_text_9401,sync_event,2025-11-25T20:52:54.593Z,2025-08-03T01:27:20.066Z
ff197188-dcb1-45e6-c625-0be54a79c7a6,857fcefe-5faf-4a3c-df5d-917321d0ed26,fecc715c-91cf-4144-4e6d-27d53565cfa5,f7376c60-c4c1-40a6-0e8d-b7350c7903b9,370.79,watch,on_track,true,sample_text_7551,improving,802.8,sample_text_676,sample_text_6052,manual,2025-06-03T02:31:47.841Z,2025-11-03T06:38:46.586Z
8d03976e-d9d1-4791-59a7-22cb4a25b7d5,a9f9f807-e129-4f29-9091-c45f8770da1a,13f8f388-7de1-4383-f922-a0d8a397e76c,54ade2d1-7dfd-4112-f5a3-e8fd47e1621d,849.53,at_risk,on_track,true,sample_text_1924,improving,640.66,sample_text_5734,sample_text_6624,sync_event,2025-12-29T00:45:49.876Z,2025-11-29T04:19:31.573Z
f47809ac-5282-462d-eaea-de3f02794b62,ab6bc2eb-0064-48a7-7f0c-9a1783bcd064,837a9baf-7fed-4fe4-630e-eeaf60164bcb,b6b48427-ef43-4c99-d43d-03d0dfbc0dae,44.23,watch,watch,true,sample_text_1393,declining,282.75,sample_text_4465,sample_text_2727,manual,2026-01-07T19:55:40.599Z,2026-03-12T13:35:40.306Z
7e6bb9b0-40c7-4c91-067f-ac9991fe2a68,5bcd0cf0-44a3-4e73-1c78-3d3c73e703b3,fecc715c-91cf-4144-4e6d-27d53565cfa5,9cea5bfa-f680-4f94-e07c-4a7ee5179da7,405.84,on_track,at_risk,false,sample_text_3101,improving,414.17,sample_text_2391,sample_text_3036,batch_nightly,2025-09-17T09:10:23.271Z,2025-08-11T17:14:27.895Z
70b027fb-fe76-4d5f-5b16-a24df3d3f0ee,5bcd0cf0-44a3-4e73-1c78-3d3c73e703b3,2d706e75-fd47-4d6b-cc14-10a1bf804d62,d4fea4ac-b3e9-4659-e0f5-b45888289cae,396.72,critical,at_risk,false,sample_text_1788,declining,828.19,sample_text_4330,sample_text_7895,sync_event,2025-05-31T18:15:46.777Z,2025-06-04T15:53:55.224Z
20b9014d-db4b-45c0-07a4-7e121b049d0a,3e334f12-6fd2-4fbe-3f23-a1309343356d,7e8192d3-756a-4974-209e-dc1ea1cca26e,25223466-997d-46a5-5751-e9815d48ac30,528.59,at_risk,watch,true,sample_text_520,stable,710.2,sample_text_8164,sample_text_1715,manual,2026-03-06T09:23:38.807Z,2026-02-25T01:21:46.941Z
5e918081-e472-48ac-f9d4-91b9df6f5fb6,5cca90e9-35ef-4b60-da97-176e79a801fd,13905047-dc05-4f11-21d1-ceb2ff2a4ead,c78c5124-c1d8-4d07-34a7-2182a01f0be8,632.3,watch,watch,true,sample_text_6750,declining,224.69,sample_text_9576,sample_text_5294,manual,2026-03-25T14:10:23.428Z,2026-03-06T19:40:15.924Z
3a617dc7-9187-4a04-a780-96e5adcf8a9d,44e91cce-ea65-438a-461a-9f0cf86acc81,f3e56a9d-701d-4138-17b4-468168466ac1,0722a489-b5ae-44b9-6098-f053ba33cb34,545,at_risk,at_risk,true,sample_text_9901,improving,477.03,sample_text_335,sample_text_2259,manual,2025-08-15T07:04:50.093Z,2025-11-09T00:05:48.787Z
22395f89-81c6-404c-e3f1-6f65372d9786,3e334f12-6fd2-4fbe-3f23-a1309343356d,e112e16e-d7d4-47de-a1f6-038db1f702ae,dea171a2-9f22-43d0-5d21-68fd32193d85,792.78,at_risk,on_track,true,sample_text_4937,declining,992.27,sample_text_2944,sample_text_7638,manual,2025-12-09T23:06:53.150Z,2025-10-24T18:36:46.351Z
3f60847e-3e8d-4c39-8fed-48caf103b373,a37257b2-9391-4433-6110-687c09f379ec,b9a92613-a49f-49ac-02ac-12389b77c55c,cd2fdee8-07b6-4668-39b9-b5f2eb783bb6,31.89,watch,watch,false,sample_text_2906,stable,242.77,sample_text_8301,sample_text_8244,sync_event,2025-09-10T19:25:08.838Z,2025-06-25T14:00:48.231Z
d211deb0-1478-4473-6ce9-611162922243,ca649c96-10ee-4d76-dcea-e4beca9603df,c0b731c7-72d6-4cbc-7d82-0603fe27478a,d9793c21-775d-4d32-a5ae-7643b038b83e,791.78,critical,on_track,false,sample_text_4364,declining,923.08,sample_text_6734,sample_text_1594,sync_event,2025-07-07T16:07:43.346Z,2026-02-09T21:13:33.590Z
9fee2838-6786-4850-16bc-4cb206313b59,60bb9abd-ad4f-43fe-d09e-d416a48001a5,521d1584-627e-495f-893e-82a12f5344be,d2f2293b-9c84-413b-8830-da28c02cfd04,753.82,at_risk,on_track,true,sample_text_6899,declining,444.01,sample_text_8087,sample_text_8029,batch_nightly,2025-07-24T08:10:18.496Z,2025-05-03T12:27:19.603Z
d88040c2-7352-4d11-9a68-7cbd74b4e554,cfed3b67-1de3-46ea-e76f-c89d08ec289a,c0b731c7-72d6-4cbc-7d82-0603fe27478a,d9793c21-775d-4d32-a5ae-7643b038b83e,899.22,watch,on_track,false,sample_text_2206,stable,658.23,sample_text_3815,sample_text_1527,manual,2025-10-17T19:51:52.722Z,2026-01-20T17:09:42.347Z
012ccfc9-172d-4564-b059-aafa1a6fc70a,e66f5152-bb91-495c-70a1-919b8657aacd,291d99ad-c85c-4557-8915-25527607d5cf,0fb41a70-1ab8-4a0c-5a67-b9128ab3d379,262.41,critical,critical,false,sample_text_2293,stable,306.86,sample_text_5202,sample_text_486,manual,2026-03-19T18:28:06.806Z,2026-01-13T19:13:19.735Z
4854b8cc-d657-4670-69ac-bab3ae151a76,cd807608-c28a-4e54-37b1-20305ffdcd5c,eb97341d-2385-4175-9a86-c3256608e18e,a2662e8d-5e1d-4d1f-c21f-8d2e14bcee97,592.71,on_track,watch,true,sample_text_4382,improving,804.13,sample_text_9883,sample_text_289,batch_nightly,2025-07-07T15:15:36.257Z,2025-04-23T07:37:19.891Z
ba155be0-5a7a-456e-d27e-918de14653a3,8e053e88-8c6b-4a2d-0248-e26f6841348e,921679af-a07e-442d-b254-00f81e5f665d,d7bed816-0ade-4251-cbdc-a5d286cd022b,527.59,on_track,at_risk,true,sample_text_7999,stable,851.93,sample_text_7597,sample_text_6096,manual,2025-09-07T14:46:19.262Z,2026-01-18T18:40:52.659Z
31450561-25d0-42df-508d-06742f66d62f,afb57115-93e2-41e4-19fb-726afc7dc847,24557b57-0c13-4c0c-a3e9-39903a1a94a3,dffdd978-57a2-4bc6-4cf1-3898c2c49169,721.84,on_track,at_risk,false,sample_text_8685,improving,225.65,sample_text_4233,sample_text_4108,batch_nightly,2026-03-17T23:31:13.866Z,2025-09-20T22:49:59.831Z
35b38dee-e454-4ee7-b797-33952bd8d091,2d6bfb42-752b-4b9d-3444-de223d3aae60,73370ee3-24e1-494c-b530-e79710873eeb,535fe904-0115-4f50-ff51-0eaf66dbaa12,856.56,critical,at_risk,false,sample_text_3191,improving,765.11,sample_text_277,sample_text_9686,batch_nightly,2025-10-12T09:40:10.630Z,2026-01-18T13:16:27.678Z
af01c96f-466d-45fd-8448-3d76029c6ec0,cd807608-c28a-4e54-37b1-20305ffdcd5c,1eca3985-996e-497f-4644-294968d742b8,9cea5bfa-f680-4f94-e07c-4a7ee5179da7,802.37,critical,critical,true,sample_text_7114,improving,404.01,sample_text_519,sample_text_3036,sync_event,2026-03-07T13:56:20.155Z,2025-09-19T15:22:26.158Z
17727f24-5fd1-4b00-d805-951641098904,08c9d53b-5bb4-4a4e-3e69-2fcd9679e99e,521d1584-627e-495f-893e-82a12f5344be,a4c941c0-1389-4963-35ca-80dd77dbf0b1,777.85,watch,on_track,false,sample_text_421,improving,524.13,sample_text_1731,sample_text_7445,batch_nightly,2025-10-17T19:11:17.513Z,2025-08-06T12:22:13.155Z
b38722bf-73e4-4d22-1d0e-8e171e0bc3de,4335fda9-afa6-493e-0026-1aa0263939a5,af7db41b-a69f-4ae5-eb9c-f59fa17dcd26,cd2fdee8-07b6-4668-39b9-b5f2eb783bb6,85.79,watch,on_track,true,sample_text_4393,declining,479.22,sample_text_2968,sample_text_6680,manual,2025-06-13T17:21:46.821Z,2025-09-17T17:15:05.177Z
4bfb0fd3-3695-44cf-68c6-c64d75b72213,63b3d997-8d4b-4027-f32c-5ba74efdff76,4ca6797c-e546-4f8b-df90-dbb08907d99e,f7be2c0e-c24c-46c4-da0f-acd1a398cf5f,751.75,watch,watch,false,sample_text_6737,improving,485.07,sample_text_5945,sample_text_6010,manual,2025-04-21T19:58:31.449Z,2025-04-29T03:44:55.016Z
bbce0fb2-bb8d-453f-7310-0b8c9b853450,5354d00b-34f0-4a88-58d4-8decde6ce2ee,a41d4030-6171-4181-a953-5d0104c592fd,4392a6e2-b231-4942-8243-57426e266e6b,975.99,on_track,at_risk,true,sample_text_5983,stable,83.54,sample_text_2242,sample_text_1032,batch_nightly,2026-03-14T05:17:56.934Z,2025-09-05T01:43:21.608Z
2f14ff67-4b3b-4590-a108-0b627078cedb,43a0c009-5096-4beb-ceb2-2e90d29fa6d1,1eca3985-996e-497f-4644-294968d742b8,0fd6242e-8a30-4b49-a97a-911986bbba77,936.34,critical,on_track,false,sample_text_6846,improving,656.28,sample_text_6447,sample_text_476,manual,2025-04-25T07:06:35.301Z,2025-11-08T12:27:44.224Z
cdd23a74-1abe-4601-0eaf-9da15f575f47,c679812d-8719-424c-f810-c17bf20e8d10,0898bc8a-8083-4b0c-faf9-0f5d0224e73e,e8af06e0-177d-490e-4336-0f3f589e7032,563.34,watch,at_risk,false,sample_text_2680,stable,318.04,sample_text_9503,sample_text_8832,batch_nightly,2025-10-06T11:19:39.708Z,2025-04-17T19:17:17.174Z
eb7e2a99-a32e-42b3-ca8c-96a394ed86d4,824fd656-898c-4a31-aa57-ef6e1d6c346d,f3e56a9d-701d-4138-17b4-468168466ac1,fb6fe658-e43e-4bab-f33d-cdc88cf6d009,97.29,on_track,critical,true,sample_text_5883,improving,813,sample_text_2377,sample_text_5818,batch_nightly,2026-02-04T14:09:43.195Z,2025-08-12T01:51:51.602Z
4a8f8fcf-ac56-44fe-4a68-71fd0235275b,7e8ad38f-d17c-4824-3c91-c8579a6b5e5f,e394ca10-b5a0-45cc-8730-3524aff8641a,65f06e81-ac89-4cf7-22de-983490e0ebd8,31.56,critical,on_track,true,sample_text_8740,improving,790.2,sample_text_2749,sample_text_2503,manual,2025-09-17T09:06:35.186Z,2025-12-15T19:43:05.459Z
b158b71d-a1ef-4df5-1cd0-d4e7a5ef148e,e66f5152-bb91-495c-70a1-919b8657aacd,aed83b90-feeb-480d-e57c-176768104c81,ab3122ad-bfd7-47ca-89a1-eaf06119fc0f,982.75,at_risk,on_track,false,sample_text_743,improving,580.18,sample_text_5598,sample_text_3330,batch_nightly,2025-12-18T05:05:16.646Z,2025-12-03T07:32:55.124Z
6364a4d2-a366-456a-d506-b9afd8dcbba1,4b7cf6ad-bee5-43d3-4470-e6643cf6983e,76fb7096-3d5c-4180-3013-e7a55c8b02bb,17910787-3bc0-4405-6348-eb717ba43c68,448.02,at_risk,on_track,true,sample_text_118,improving,680.44,sample_text_4758,sample_text_2162,manual,2025-10-15T19:38:46.908Z,2025-12-13T01:24:47.487Z
c3f04a35-5547-42f7-b6e6-eec5c81076ba,f61f2a14-3a64-4170-c4e0-7f394614ec15,820e0d69-1dec-4fa2-7dff-4973e37417e7,ba3c335f-0f94-42bd-b920-49b7e4cc9f58,532.91,watch,on_track,true,sample_text_6624,declining,103.33,sample_text_1647,sample_text_4249,sync_event,2025-11-03T11:49:03.913Z,2025-07-03T11:18:01.596Z
06e56de8-800d-4fac-3f83-8f31d0d19019,cd807608-c28a-4e54-37b1-20305ffdcd5c,0898bc8a-8083-4b0c-faf9-0f5d0224e73e,dea171a2-9f22-43d0-5d21-68fd32193d85,582.59,on_track,watch,false,sample_text_4706,improving,565.43,sample_text_1575,sample_text_1824,batch_nightly,2025-04-16T20:53:15.586Z,2025-12-27T23:45:01.965Z
5d387b13-a670-4a8d-4333-88dcdd84c585,3aaad658-14e8-4861-52c9-2341f1d4e7da,fe4720c1-f369-4760-b122-6b324f08f3a3,3a77b0f7-9043-4e12-8e52-ece087207c29,567.91,on_track,at_risk,false,sample_text_4824,declining,531.48,sample_text_5809,sample_text_5304,batch_nightly,2025-06-17T12:44:38.311Z,2025-12-04T07:04:43.373Z
2c20b0e3-6224-4514-ca0e-8975522c9a2b,40dc6875-50a3-4da6-8104-124ea7a529fb,baeb778f-0236-4ea0-497b-a0d46e5c6619,65f06e81-ac89-4cf7-22de-983490e0ebd8,70.7,on_track,watch,true,sample_text_6420,stable,417.23,sample_text_9375,sample_text_1507,batch_nightly,2025-07-27T04:00:13.632Z,2025-05-28T08:18:11.863Z
2dc9d6b4-23c9-45bb-bea2-a7c673d0a216,942582d6-df90-465e-0a7c-344463dcc5fc,2a4e5e57-fab3-47be-aa17-438ff8cedd26,faab78d1-e2bd-45ee-7691-5db88b350bab,522.77,on_track,at_risk,true,sample_text_6883,declining,624.19,sample_text_2539,sample_text_2210,sync_event,2026-04-04T02:29:02.101Z,2025-11-17T12:48:53.496Z
60a53645-77ba-4626-d4a9-3c6024828148,ca649c96-10ee-4d76-dcea-e4beca9603df,7e8192d3-756a-4974-209e-dc1ea1cca26e,a2662e8d-5e1d-4d1f-c21f-8d2e14bcee97,259.67,critical,at_risk,true,sample_text_3141,improving,956.45,sample_text_5109,sample_text_2361,sync_event,2025-12-06T12:58:42.874Z,2025-12-08T19:34:57.674Z
e2a531e6-e639-4f87-3a35-99b584a1e57c,ef30f378-ae06-4200-e466-b63a46dd4365,7006fd96-e3f8-4225-33e4-be34d610ffbb,6957b173-8384-43f0-f5c0-00651e3558ed,29.68,on_track,on_track,false,sample_text_2052,improving,686.75,sample_text_4561,sample_text_767,sync_event,2025-06-06T01:59:25.448Z,2025-11-09T21:21:35.285Z
e26a5f72-3d50-4de1-40c7-9e35023acf09,c679812d-8719-424c-f810-c17bf20e8d10,aed83b90-feeb-480d-e57c-176768104c81,8b5951ea-ddd1-437f-b1f8-d3d2cea21166,209.65,critical,at_risk,true,sample_text_8077,declining,235.87,sample_text_6701,sample_text_9155,manual,2025-06-06T06:26:19.573Z,2026-03-12T03:25:52.620Z
9d3dc352-7836-485c-1f65-37850d7dc9c9,73e655b7-927f-4010-5d38-ed87d5958465,7cc152ca-2334-4efd-8c58-4327009bcdb6,6957b173-8384-43f0-f5c0-00651e3558ed,320.85,at_risk,on_track,true,sample_text_4390,improving,150.42,sample_text_9580,sample_text_3622,sync_event,2025-12-25T17:44:28.442Z,2025-12-29T18:19:26.545Z
97d1867a-7588-439d-04ec-3e791a420822,7e33c19d-304d-44cf-6308-c84646b5b9b6,291d99ad-c85c-4557-8915-25527607d5cf,d2f2293b-9c84-413b-8830-da28c02cfd04,607.46,on_track,critical,false,sample_text_933,stable,311.25,sample_text_355,sample_text_4770,sync_event,2025-05-28T07:19:14.613Z,2025-11-20T22:50:45.903Z
88b0e36b-b656-458b-a217-1ecd18059a5e,74996144-2438-4454-03fb-d777b4c9db8b,661bcb95-f84e-4871-e1c4-675bf8171439,bc9b64c3-7ac2-47be-b6ba-88c69cdd4231,288.19,critical,on_track,false,sample_text_6074,improving,428.63,sample_text_4481,sample_text_2692,batch_nightly,2025-07-19T13:21:19.917Z,2025-12-21T23:15:39.353Z
804b07c1-c8c0-479e-377e-f23f1f5b0e72,b913d05c-d452-4b8d-58bc-5af42ecc92ad,921679af-a07e-442d-b254-00f81e5f665d,4392a6e2-b231-4942-8243-57426e266e6b,243.15,watch,at_risk,false,sample_text_6228,improving,213.04,sample_text_6928,sample_text_9684,manual,2025-05-16T04:32:04.654Z,2025-08-02T04:43:48.433Z
7856bf50-579d-4fd3-c24c-1b41e5151478,4335fda9-afa6-493e-0026-1aa0263939a5,5b1b6bbb-ac85-477d-9a11-d480281a4b21,9cea5bfa-f680-4f94-e07c-4a7ee5179da7,684.05,on_track,at_risk,false,sample_text_9911,declining,195.1,sample_text_7317,sample_text_6702,manual,2025-05-27T13:14:47.081Z,2025-11-01T05:32:48.155Z
ae8c4a3c-a92e-4183-c048-33bed1d363e8,dc5c38cd-11bd-4d48-b540-0659ffe8f55b,b1160aa4-615e-46be-c33f-53b664f1618f,0f169150-4a9e-4c9e-a5a7-2a87c95cb619,501.37,watch,watch,false,sample_text_8466,improving,100.07,sample_text_9478,sample_text_7749,sync_event,2025-06-16T03:28:26.625Z,2025-05-26T07:34:12.387Z
4258761a-8294-4d58-f2e9-c16ee9669c1b,12c936b7-76a2-4244-3342-f64b193771af,1eca3985-996e-497f-4644-294968d742b8,0fb41a70-1ab8-4a0c-5a67-b9128ab3d379,769.43,on_track,critical,false,sample_text_6601,improving,96.77,sample_text_8856,sample_text_4180,batch_nightly,2025-05-07T17:46:37.284Z,2025-09-09T15:26:47.856Z
cbbee6f8-9717-4ff8-79a2-450079ab749a,4b7cf6ad-bee5-43d3-4470-e6643cf6983e,b1160aa4-615e-46be-c33f-53b664f1618f,f9611ba1-1cbb-4279-f231-a281a5fa0f33,635.09,watch,at_risk,true,sample_text_3874,improving,313.71,sample_text_6742,sample_text_4158,batch_nightly,2025-11-21T08:49:55.098Z,2025-12-26T01:29:49.404Z
3f4531c3-d950-42a7-248f-e23192b1e1d8,09e8d1ef-f5f0-41fa-38f3-10bac079d03c,7e8192d3-756a-4974-209e-dc1ea1cca26e,b6b48427-ef43-4c99-d43d-03d0dfbc0dae,844.41,at_risk,on_track,false,sample_text_8601,improving,280.27,sample_text_7206,sample_text_4681,sync_event,2025-05-13T08:18:13.802Z,2025-08-03T11:11:08.754Z
e84aa085-4085-4e8e-84f9-cb1a8563dacb,3f1eb67e-af2a-4430-00e8-036be32a0239,fe4720c1-f369-4760-b122-6b324f08f3a3,dea171a2-9f22-43d0-5d21-68fd32193d85,782.31,watch,at_risk,false,sample_text_2168,improving,445.48,sample_text_8408,sample_text_845,batch_nightly,2025-10-19T02:15:09.011Z,2025-09-26T03:23:18.113Z
eff02f6b-e276-47f6-6fb4-53b907dd405d,857fcefe-5faf-4a3c-df5d-917321d0ed26,2e842555-494e-4eac-25b2-d2a4430cc9ed,d4fea4ac-b3e9-4659-e0f5-b45888289cae,854.37,at_risk,watch,false,sample_text_8205,improving,456.2,sample_text_9620,sample_text_2659,sync_event,2025-05-11T06:10:28.016Z,2025-10-25T05:49:23.469Z
461d71b4-51f7-485a-b6cb-357b30a799eb,f3bdc0f5-709a-4443-3bcd-690202dcd619,13905047-dc05-4f11-21d1-ceb2ff2a4ead,4cf4f4e8-2f0c-4643-9aad-2f0db304dfb5,91.09,watch,critical,true,sample_text_3574,improving,458.16,sample_text_3436,sample_text_5147,manual,2025-05-31T02:10:49.949Z,2026-04-11T20:37:31.541Z
2bb6b557-22bc-46b2-72ce-379de0ca70aa,a9f9f807-e129-4f29-9091-c45f8770da1a,1eca3985-996e-497f-4644-294968d742b8,64ec3e55-98e5-4988-4aa0-1d96e91fa677,14.02,watch,at_risk,true,sample_text_1883,declining,609.35,sample_text_1361,sample_text_1990,sync_event,2025-07-08T13:12:48.714Z,2025-08-29T17:13:52.007Z
6a99f44c-cd63-4dbb-cf53-848619c0777c,f61f2a14-3a64-4170-c4e0-7f394614ec15,b1160aa4-615e-46be-c33f-53b664f1618f,fedd2ec4-9079-4585-92e4-8f187adb6077,657.95,at_risk,critical,false,sample_text_8222,improving,718.66,sample_text_2274,sample_text_9254,batch_nightly,2025-05-05T09:01:51.164Z,2026-03-26T22:23:15.954Z
9e80cf35-ae12-4a1f-16d3-dff8a425956d,2815d421-fa85-4846-4e67-32f2b052db68,615ffcad-04ca-4584-4505-45cbefd50d58,8b5951ea-ddd1-437f-b1f8-d3d2cea21166,454.46,watch,at_risk,false,sample_text_5300,improving,980.32,sample_text_3581,sample_text_3990,sync_event,2025-04-21T16:07:15.675Z,2025-05-21T20:21:34.499Z
93dc1cbd-a159-48a9-6add-8d7996439f71,0ba497e7-4a6e-4b40-b8d5-7f23952ad2cd,a41d4030-6171-4181-a953-5d0104c592fd,17910787-3bc0-4405-6348-eb717ba43c68,954.81,at_risk,on_track,false,sample_text_817,improving,671.49,sample_text_2969,sample_text_7472,batch_nightly,2026-01-03T03:24:32.401Z,2025-07-02T08:58:02.672Z
51cdec74-b896-445f-75d3-20225b0d2327,b913d05c-d452-4b8d-58bc-5af42ecc92ad,c0b731c7-72d6-4cbc-7d82-0603fe27478a,d9793c21-775d-4d32-a5ae-7643b038b83e,472.72,critical,critical,false,sample_text_9043,stable,726.43,sample_text_643,sample_text_8913,sync_event,2025-07-15T13:56:53.322Z,2025-10-15T21:49:55.426Z
26c782da-4b90-4f7d-0f01-212802306d8f,43a0c009-5096-4beb-ceb2-2e90d29fa6d1,7006fd96-e3f8-4225-33e4-be34d610ffbb,9cea5bfa-f680-4f94-e07c-4a7ee5179da7,190.62,watch,on_track,true,sample_text_6872,improving,791.98,sample_text_4779,sample_text_7739,batch_nightly,2025-10-25T22:05:57.014Z,2026-01-23T18:54:31.791Z
d7355834-8f23-4818-7ad6-92155e5de7cc,2d6bfb42-752b-4b9d-3444-de223d3aae60,94dc4310-c140-4af7-8a5b-88c24ff5a5d3,fedd2ec4-9079-4585-92e4-8f187adb6077,593.99,at_risk,at_risk,true,sample_text_414,improving,628.32,sample_text_9362,sample_text_6288,batch_nightly,2025-07-02T17:37:09.101Z,2025-12-28T02:24:21.652Z
0aa11967-79d8-47b8-cad6-2ce85f955ac3,f61f2a14-3a64-4170-c4e0-7f394614ec15,921679af-a07e-442d-b254-00f81e5f665d,b6b48427-ef43-4c99-d43d-03d0dfbc0dae,688.83,at_risk,at_risk,true,sample_text_7318,stable,11.14,sample_text_6512,sample_text_3643,manual,2025-08-13T18:15:27.584Z,2025-05-08T20:20:12.011Z
6644c55e-0a1c-459e-bad9-e5bbbcffe353,b913d05c-d452-4b8d-58bc-5af42ecc92ad,0898bc8a-8083-4b0c-faf9-0f5d0224e73e,4093c4b9-ab29-4d4d-5257-2a95cec7c9ca,530.3,critical,critical,false,sample_text_6003,improving,567.52,sample_text_3933,sample_text_5849,batch_nightly,2025-06-07T15:29:43.949Z,2025-06-25T09:27:10.261Z
275ce414-4184-43f7-2ac4-5a12bccc0a1c,7e33c19d-304d-44cf-6308-c84646b5b9b6,e112e16e-d7d4-47de-a1f6-038db1f702ae,ba3c335f-0f94-42bd-b920-49b7e4cc9f58,311.75,on_track,on_track,true,sample_text_8479,improving,983.47,sample_text_3121,sample_text_3320,sync_event,2025-05-23T14:06:29.404Z,2025-04-17T05:30:12.647Z
1e8ae4f1-1314-4559-7a16-9616aee59b31,08c9d53b-5bb4-4a4e-3e69-2fcd9679e99e,930d6afd-4225-4c87-6245-39cb7a7a0d26,19db1755-d84d-444d-e869-b9575b91a188,91.48,watch,on_track,true,sample_text_9290,improving,65.58,sample_text_9098,sample_text_1532,sync_event,2025-05-15T17:54:36.219Z,2026-01-26T15:11:57.250Z
6a46e0d7-cbd2-450b-dccd-877e4b1c7c49,ef30f378-ae06-4200-e466-b63a46dd4365,3d03d7a9-93e0-4b8e-6b5b-e7f8337fab48,17910787-3bc0-4405-6348-eb717ba43c68,214.29,at_risk,watch,false,sample_text_3024,stable,925.25,sample_text_5175,sample_text_6925,manual,2025-09-30T03:27:33.997Z,2025-05-26T08:07:10.728Z
e1dda294-d821-4715-b05a-acc9a1c5b10d,5354d00b-34f0-4a88-58d4-8decde6ce2ee,b9a92613-a49f-49ac-02ac-12389b77c55c,f7be2c0e-c24c-46c4-da0f-acd1a398cf5f,473.18,on_track,at_risk,false,sample_text_5653,improving,969.75,sample_text_5730,sample_text_6438,batch_nightly,2025-07-02T12:29:53.287Z,2026-03-02T15:20:01.321Z
b00dbb2b-45c3-495f-dd6d-abe10db2d9c3,cd416869-1efc-4398-0a2a-903b79ed2d98,f0fe80e2-ee98-4631-fd46-bedaa4937130,4cf4f4e8-2f0c-4643-9aad-2f0db304dfb5,918.7,watch,on_track,true,sample_text_4547,improving,999.48,sample_text_1988,sample_text_6869,sync_event,2026-01-26T07:44:32.266Z,2025-05-25T06:11:28.600Z
85b74049-f75e-454d-ec4f-d43cd6879fa9,f3bdc0f5-709a-4443-3bcd-690202dcd619,b1160aa4-615e-46be-c33f-53b664f1618f,c78c5124-c1d8-4d07-34a7-2182a01f0be8,401.55,critical,at_risk,false,sample_text_789,declining,572.6,sample_text_2067,sample_text_4203,manual,2026-01-28T16:11:07.232Z,2025-09-08T10:29:36.991Z
26417159-f121-48d5-4ddf-62bcca09e499,0ba497e7-4a6e-4b40-b8d5-7f23952ad2cd,59faa8f0-e266-467f-aa62-7fd97008cad7,13f8f080-7294-4084-b8b0-e9f602a28092,869.58,at_risk,critical,false,sample_text_6743,stable,409.58,sample_text_7676,sample_text_6021,sync_event,2026-03-02T21:11:25.027Z,2025-07-12T01:59:50.992Z
1d489a7a-c989-4ac8-2368-b0d68a122328,98dc63d7-8988-4ff8-b7ca-2ab8d1f39352,314cdd92-266e-488d-cf88-6e18f6db8ca6,d4fea4ac-b3e9-4659-e0f5-b45888289cae,696.95,critical,at_risk,false,sample_text_5645,stable,709.37,sample_text_4307,sample_text_1869,sync_event,2025-06-06T22:19:58.938Z,2025-05-13T15:20:03.344Z
97ea6cd1-990f-49d6-a669-f4588067a19a,72ea06ea-6647-4b34-faa9-4b6acc59b996,b9a92613-a49f-49ac-02ac-12389b77c55c,498f99d2-2bb8-4fdc-f970-b259cb9a357d,690.1,watch,critical,false,sample_text_8799,improving,786.22,sample_text_5939,sample_text_4067,manual,2025-09-23T12:14:37.297Z,2025-09-07T01:12:47.354Z
5b61d93d-729d-4348-b36c-a4f6a3857529,e66f5152-bb91-495c-70a1-919b8657aacd,219980cb-3f77-4414-faeb-5f70b1472a36,e8af06e0-177d-490e-4336-0f3f589e7032,867.56,critical,at_risk,false,sample_text_610,declining,688.59,sample_text_2265,sample_text_3678,manual,2025-08-25T01:28:12.111Z,2025-08-06T16:07:33.484Z
2f86eac5-e399-4d2d-40eb-e59738e3ee9a,dc5c38cd-11bd-4d48-b540-0659ffe8f55b,469af544-bb26-4d4c-4b28-ab15c4812991,d4fea4ac-b3e9-4659-e0f5-b45888289cae,311.86,critical,on_track,false,sample_text_4882,improving,140.05,sample_text_2758,sample_text_6686,manual,2025-04-19T06:07:14.975Z,2025-11-14T09:00:21.168Z
22a0862e-7cdc-466b-91c8-9d08d4ae1303,5ad3d718-54d7-4cd2-1fcf-87aea33287e9,3f4d6f7d-05f7-4310-de9f-ae93e46984db,c66275ef-e983-4492-b064-baf99e43dc48,458.41,watch,watch,false,sample_text_3731,improving,826.15,sample_text_9211,sample_text_3760,batch_nightly,2026-01-06T07:04:49.535Z,2025-04-29T15:25:47.100Z
acba1946-32d2-4dfe-93ba-3ec4a403102f,7b4e9cee-f4ce-4983-6f42-9424ff347d5a,f0fe80e2-ee98-4631-fd46-bedaa4937130,0722a489-b5ae-44b9-6098-f053ba33cb34,501.33,watch,watch,false,sample_text_2570,improving,374.99,sample_text_7480,sample_text_6527,manual,2025-04-26T00:34:58.648Z,2025-04-18T13:25:44.985Z
05396036-49c2-4db0-de18-ce5b7752f678,36fa19ad-37fd-44f9-4a36-73f18ecfe5f4,7d85b267-ac94-499b-94c1-eff3632a4d8b,d2f2293b-9c84-413b-8830-da28c02cfd04,176.7,on_track,on_track,true,sample_text_7609,improving,472.13,sample_text_6375,sample_text_9976,batch_nightly,2025-07-16T00:49:23.371Z,2025-05-14T22:10:03.843Z
14823fa0-67fa-4765-2493-404a24d0c133,942582d6-df90-465e-0a7c-344463dcc5fc,7cc152ca-2334-4efd-8c58-4327009bcdb6,3a77b0f7-9043-4e12-8e52-ece087207c29,855.26,watch,at_risk,false,sample_text_330,stable,475.86,sample_text_9562,sample_text_2663,batch_nightly,2025-05-20T12:30:14.887Z,2025-07-30T15:21:05.656Z
5baabdca-df59-49d7-4a26-081d8f60e168,dc5c38cd-11bd-4d48-b540-0659ffe8f55b,24557b57-0c13-4c0c-a3e9-39903a1a94a3,b7295d46-5a93-4d59-2ad8-1c9c45690419,707.3,watch,at_risk,false,sample_text_349,stable,776.23,sample_text_9307,sample_text_6026,manual,2025-07-25T18:10:43.387Z,2025-10-17T16:17:26.080Z
1eb6f0f8-0dfb-4ff6-9aff-cdda003f79e4,4f6d2f72-e04a-4494-a2d8-a7c9330625ec,73370ee3-24e1-494c-b530-e79710873eeb,d9793c21-775d-4d32-a5ae-7643b038b83e,897.98,at_risk,critical,true,sample_text_8916,improving,533.75,sample_text_3188,sample_text_1271,manual,2025-05-05T15:43:59.070Z,2025-09-11T11:07:16.830Z
2f784474-c4ac-4c09-fb6f-83d34aa7e821,26241fc8-1326-4f27-2a84-eb284a0bd4ba,e394ca10-b5a0-45cc-8730-3524aff8641a,ba3c335f-0f94-42bd-b920-49b7e4cc9f58,437.21,on_track,at_risk,false,sample_text_2589,stable,917.13,sample_text_2211,sample_text_6768,manual,2026-04-02T19:44:32.090Z,2025-04-20T06:42:59.474Z
38baa5a1-dfab-4e46-82ef-708d5692944b,08c9d53b-5bb4-4a4e-3e69-2fcd9679e99e,16c0f045-ad9e-4d23-8922-374a2534b914,74c04875-f227-4b95-b8e1-02b3e360c29a,591.71,on_track,at_risk,false,sample_text_9562,improving,913.57,sample_text_9509,sample_text_2113,batch_nightly,2025-08-15T07:57:06.819Z,2025-06-18T12:17:23.998Z
0dcd1a17-636e-42aa-cd76-eb8645c7f9f9,cd807608-c28a-4e54-37b1-20305ffdcd5c,eb97341d-2385-4175-9a86-c3256608e18e,0fd6242e-8a30-4b49-a97a-911986bbba77,883.48,at_risk,on_track,false,sample_text_4399,improving,918.72,sample_text_8527,sample_text_1150,manual,2026-03-08T09:02:21.553Z,2025-10-12T20:01:24.837Z
ac4924f2-2b2d-4caf-9b43-bd6613e63fcf,6ca9565d-394f-4984-5af6-b337411ec843,314cdd92-266e-488d-cf88-6e18f6db8ca6,c66275ef-e983-4492-b064-baf99e43dc48,655.44,at_risk,on_track,false,sample_text_7903,improving,536.43,sample_text_3707,sample_text_76,manual,2025-04-16T20:49:54.971Z,2025-07-18T12:36:22.238Z
414138e6-0d7d-4dfc-8d57-1f7e2fda6529,09e8d1ef-f5f0-41fa-38f3-10bac079d03c,baeb778f-0236-4ea0-497b-a0d46e5c6619,6957b173-8384-43f0-f5c0-00651e3558ed,373.74,at_risk,on_track,false,sample_text_8567,stable,544.72,sample_text_1903,sample_text_9876,sync_event,2025-04-16T15:31:21.872Z,2025-07-07T13:15:12.853Z
2347d99b-33af-4d75-8972-3be6f13ae7a8,5cca90e9-35ef-4b60-da97-176e79a801fd,661bcb95-f84e-4871-e1c4-675bf8171439,4cf4f4e8-2f0c-4643-9aad-2f0db304dfb5,624.3,watch,at_risk,false,sample_text_3757,improving,258.46,sample_text_1293,sample_text_808,batch_nightly,2025-07-25T15:35:30.491Z,2025-06-15T11:25:33.429Z
2feb1f8b-5bf2-44a0-a06f-040f5047678e,ab6bc2eb-0064-48a7-7f0c-9a1783bcd064,4ca6797c-e546-4f8b-df90-dbb08907d99e,06ced9fd-92f2-4e18-6b43-e71a9ddc25a7,773.7,watch,critical,true,sample_text_783,improving,343.71,sample_text_2728,sample_text_1141,sync_event,2025-12-24T19:20:18.520Z,2025-10-10T07:11:25.619Z
b0d8ae14-ce20-447f-a55b-bcb1a275fb58,4f6d2f72-e04a-4494-a2d8-a7c9330625ec,219980cb-3f77-4414-faeb-5f70b1472a36,d4fea4ac-b3e9-4659-e0f5-b45888289cae,287.74,at_risk,critical,true,sample_text_2209,improving,999.38,sample_text_1559,sample_text_4320,manual,2025-08-31T08:57:15.785Z,2025-04-22T12:29:56.843Z
bb86a891-b2c4-43d4-5281-83e4d902b4d7,8a50d483-aa92-4384-4deb-3d5c6bf0f0f7,3f4d6f7d-05f7-4310-de9f-ae93e46984db,4bd78a73-fe22-48ea-15fa-41d669387bca,623.49,at_risk,on_track,false,sample_text_3049,improving,927.44,sample_text_8279,sample_text_3699,batch_nightly,2025-12-25T06:28:24.254Z,2025-06-26T04:34:15.451Z
f0c7eec2-294c-42ea-67e1-1bf6a37932a9,4b7cf6ad-bee5-43d3-4470-e6643cf6983e,5eca5363-069f-462b-ef13-7dba299c99d9,535fe904-0115-4f50-ff51-0eaf66dbaa12,580.04,on_track,at_risk,false,sample_text_7873,improving,632,sample_text_6144,sample_text_9824,sync_event,2025-04-30T17:28:06.706Z,2025-11-25T09:50:14.987Z
49730a15-e28a-4cc8-d457-96fecec749b5,f61f2a14-3a64-4170-c4e0-7f394614ec15,291d99ad-c85c-4557-8915-25527607d5cf,be21f9b6-f267-456a-fb98-0c6914011166,116.02,watch,watch,false,sample_text_8197,improving,845.57,sample_text_4308,sample_text_4812,sync_event,2026-01-27T11:19:50.061Z,2025-05-28T08:54:52.158Z
7a4ee55e-b2be-47f5-bda7-a31ec45cea1a,7e33c19d-304d-44cf-6308-c84646b5b9b6,1eca3985-996e-497f-4644-294968d742b8,2e70929f-4dd3-4571-4318-39fb8f6dd2a5,109.93,critical,at_risk,false,sample_text_912,improving,559.02,sample_text_9925,sample_text_9525,manual,2025-10-22T01:01:25.256Z,2025-12-11T12:12:46.940Z
9e0c7f0a-3bde-4b72-d324-42ed57314378,cfed3b67-1de3-46ea-e76f-c89d08ec289a,4ca6797c-e546-4f8b-df90-dbb08907d99e,c66275ef-e983-4492-b064-baf99e43dc48,750.52,critical,watch,false,sample_text_4945,declining,994.91,sample_text_3219,sample_text_8239,sync_event,2025-05-23T00:59:10.689Z,2025-05-26T23:10:17.745Z
778368ea-6484-4c2a-ced0-bf3535db3e70,44e96aef-1775-4e8c-e285-02e0cadba8e3,3f4d6f7d-05f7-4310-de9f-ae93e46984db,8b5951ea-ddd1-437f-b1f8-d3d2cea21166,478.84,at_risk,critical,true,sample_text_2832,improving,428.03,sample_text_237,sample_text_696,manual,2025-10-05T00:06:36.335Z,2026-02-12T21:01:39.668Z
ccccc455-71cb-4a83-ee2a-32268ec0cedf,31e6dcd8-7b5b-4c54-b419-66da1259c0d7,89bd14e2-cf78-45ab-904a-7a7f0f4a4010,f9611ba1-1cbb-4279-f231-a281a5fa0f33,275.31,watch,at_risk,false,sample_text_352,stable,396.32,sample_text_3406,sample_text_3114,batch_nightly,2025-09-29T01:17:47.218Z,2025-11-27T20:50:17.673Z
3a3bf963-6367-4495-93cd-b2bed2ddd653,3e4e588f-bb13-48f9-ae27-231d699b174f,24557b57-0c13-4c0c-a3e9-39903a1a94a3,b6b48427-ef43-4c99-d43d-03d0dfbc0dae,746.75,at_risk,watch,true,sample_text_6419,improving,634.35,sample_text_2572,sample_text_906,sync_event,2026-03-21T19:03:22.215Z,2026-02-12T20:55:43.454Z
f01d6f36-2f2d-4e5b-22c1-15e319cb530e,60bb9abd-ad4f-43fe-d09e-d416a48001a5,3d03d7a9-93e0-4b8e-6b5b-e7f8337fab48,5a06f1dd-ce21-4cb4-285a-7642ffe451bf,239.75,watch,at_risk,false,sample_text_7149,improving,566.3,sample_text_622,sample_text_3172,sync_event,2025-09-26T15:42:45.488Z,2026-01-23T08:24:51.528Z
40d73821-cdd8-49b7-0464-9b2c83399067,5bcd0cf0-44a3-4e73-1c78-3d3c73e703b3,e536d26c-1212-499f-3401-979cc6978147,65f06e81-ac89-4cf7-22de-983490e0ebd8,388.19,at_risk,critical,true,sample_text_5482,stable,117.18,sample_text_21,sample_text_6637,manual,2025-09-20T15:14:21.587Z,2025-10-17T20:44:43.521Z
5e23b35d-c0d3-4f1f-9d52-e63065a2271c,cfed3b67-1de3-46ea-e76f-c89d08ec289a,1612581f-ee93-42bd-8ca1-106ca3f5fb8d,6519c351-b899-4ce9-c8be-1ccc1f8e4278,445.75,critical,at_risk,true,sample_text_4918,stable,903.02,sample_text_6211,sample_text_7693,manual,2025-12-05T19:53:42.753Z,2026-04-04T16:43:37.604Z
46ba5159-9b6e-40c2-fec5-96fd1018d905,44e96aef-1775-4e8c-e285-02e0cadba8e3,661bcb95-f84e-4871-e1c4-675bf8171439,17910787-3bc0-4405-6348-eb717ba43c68,189.88,at_risk,watch,true,sample_text_1348,stable,432.54,sample_text_820,sample_text_3066,manual,2025-10-24T13:42:44.608Z,2025-12-05T00:49:13.516Z
1d12f2b8-e3b2-4a48-afb6-61284c4ab7f9,4b7cf6ad-bee5-43d3-4470-e6643cf6983e,aed83b90-feeb-480d-e57c-176768104c81,7e11bf19-f618-405d-a65a-b71fca80e360,370.96,critical,critical,false,sample_text_3842,improving,749.22,sample_text_8022,sample_text_4173,sync_event,2025-09-08T20:42:21.393Z,2026-03-01T20:38:11.617Z
680724a7-7dd6-4b2f-50fc-6779dd6d345a,2d6bfb42-752b-4b9d-3444-de223d3aae60,af7db41b-a69f-4ae5-eb9c-f59fa17dcd26,4208b9fe-1dc2-4cf1-348a-6018e91e4ab5,207.55,on_track,critical,true,sample_text_3226,stable,505.68,sample_text_6643,sample_text_5723,manual,2025-09-26T19:22:11.396Z,2025-05-15T02:24:05.859Z
bea0378c-0ade-47b6-e585-84a45ff5f645,26241fc8-1326-4f27-2a84-eb284a0bd4ba,c41be56c-1b03-4f83-3798-7ff82c84c273,9cea5bfa-f680-4f94-e07c-4a7ee5179da7,548.59,at_risk,at_risk,true,sample_text_6853,stable,334.68,sample_text_3554,sample_text_9815,manual,2025-04-24T04:02:47.220Z,2025-04-14T18:39:31.779Z
d497d543-851d-4d27-030f-fef4fcba7b1f,d914d5ce-2aec-454b-3d59-d028d03124f6,4c81bc97-321d-48c5-d316-8243b2e8187e,fb6fe658-e43e-4bab-f33d-cdc88cf6d009,370.54,watch,watch,true,sample_text_9292,improving,447.4,sample_text_4783,sample_text_6326,manual,2026-04-08T14:43:47.220Z,2025-04-29T00:16:25.796Z
6f411b8a-521f-4aa1-6fb6-c8df346650a4,8e053e88-8c6b-4a2d-0248-e26f6841348e,e112e16e-d7d4-47de-a1f6-038db1f702ae,ea5d2f06-29bd-4fae-c4bb-c2ede950d9ab,39.43,critical,watch,true,sample_text_7235,improving,793.65,sample_text_5487,sample_text_6560,sync_event,2025-05-19T01:00:06.084Z,2025-04-25T04:12:01.125Z
29e57b91-54d4-404a-b0bf-73381cfea974,40dc6875-50a3-4da6-8104-124ea7a529fb,59faa8f0-e266-467f-aa62-7fd97008cad7,4bd78a73-fe22-48ea-15fa-41d669387bca,566.1,watch,watch,false,sample_text_3832,improving,255.88,sample_text_7474,sample_text_1796,sync_event,2026-02-28T09:31:34.402Z,2025-06-11T23:04:36.943Z
5d5b144b-aa1c-4749-4726-bf88429c18f8,ca649c96-10ee-4d76-dcea-e4beca9603df,94519cc1-bdc7-4549-769e-8964efcea7c6,4bd78a73-fe22-48ea-15fa-41d669387bca,598.31,watch,watch,true,sample_text_4402,improving,917,sample_text_5696,sample_text_367,sync_event,2025-11-29T12:53:13.370Z,2025-08-23T01:35:25.821Z
ded2e70e-95e2-419c-341e-9b9d6eee2da3,230051a7-77f6-49c9-6d7a-c1c341da56c9,8fcce2e7-79c7-439d-1c00-1a62a46a56f2,ba3c335f-0f94-42bd-b920-49b7e4cc9f58,245.87,watch,at_risk,false,sample_text_2420,stable,533.13,sample_text_3451,sample_text_2043,batch_nightly,2025-05-14T01:03:04.201Z,2025-07-16T06:43:35.510Z
f9a59efc-1494-44b3-fd86-323fac0298e4,26241fc8-1326-4f27-2a84-eb284a0bd4ba,4c81bc97-321d-48c5-d316-8243b2e8187e,ba3c335f-0f94-42bd-b920-49b7e4cc9f58,410.77,critical,at_risk,true,sample_text_7975,improving,144.3,sample_text_9306,sample_text_2615,manual,2025-09-12T16:29:50.372Z,2026-02-17T13:38:27.837Z
8cefca9c-ff93-483e-4439-8e7d81e26b46,c679812d-8719-424c-f810-c17bf20e8d10,291d99ad-c85c-4557-8915-25527607d5cf,64ec3e55-98e5-4988-4aa0-1d96e91fa677,696,watch,watch,false,sample_text_3504,improving,994.12,sample_text_5363,sample_text_4557,sync_event,2025-06-26T10:40:00.680Z,2025-06-10T12:05:17.905Z
