id,student_id,school_id,snapshot_date,snapshot_week,snapshot_year,attendance_rate,gpa_current,math_assessment_pct,reading_assessment_pct,missing_assignment_rate,behavior_incident_count,proficiency_level,growth_percentile,engagement_score,created_at
1cce3bef-4e5d-480a-f222-f0d956d9fabb,12c936b7-76a2-4244-3342-f64b193771af,1612581f-ee93-42bd-8ca1-106ca3f5fb8d,2025-11-29T05:37:55.030Z,169,542,65.48,866.96,359,860,58.99,8131,803.62,55,525.1,2025-07-18T03:40:56.481Z
93582e79-0b96-4de4-204a-1a834eeda58e,e66f5152-bb91-495c-70a1-919b8657aacd,94dc4310-c140-4af7-8a5b-88c24ff5a5d3,2026-01-10T13:47:59.359Z,293,472,24.39,222.06,734,878,4.77,5046,832.76,346,336.38,2025-06-01T05:04:36.403Z
f1dbbd5f-374b-442d-0835-9d586eda32dc,7abd7935-415a-4e5c-0200-73c72eee9749,7e8192d3-756a-4974-209e-dc1ea1cca26e,2026-02-26T16:16:21.610Z,829,640,80.22,432.16,289,189,60.12,982,514.2,659,140.04,2026-01-29T05:04:59.260Z
0922b467-ee7b-495e-ae48-e01ccb153e46,152072c0-f075-4a77-bebe-aaa40d5c36c5,921679af-a07e-442d-b254-00f81e5f665d,2025-08-30T04:38:04.350Z,807,350,65.82,28.54,974,181,58.97,1767,417.38,229,303.49,2025-08-11T00:35:19.813Z
fb9bc7e8-926e-4ec2-f1ed-3e3f7eff49ec,0ba497e7-4a6e-4b40-b8d5-7f23952ad2cd,820e0d69-1dec-4fa2-7dff-4973e37417e7,2025-10-27T17:26:42.280Z,654,995,26.88,997.76,988,767,96.73,7220,222.71,54,205.29,2026-02-25T14:37:41.555Z
0987dc00-d7e3-4687-0b95-2d1eba1a24d3,f61f2a14-3a64-4170-c4e0-7f394614ec15,2a4e5e57-fab3-47be-aa17-438ff8cedd26,2025-10-31T01:33:12.621Z,351,27,18,120.3,132,818,21.35,5587,562.17,814,251.67,2026-02-13T16:39:15.819Z
9dec5bc7-f316-41be-4358-598d2d3f2ba8,0e77db3f-7cdc-48b3-e10c-c05d74f5b464,24557b57-0c13-4c0c-a3e9-39903a1a94a3,2025-05-06T23:14:02.808Z,851,589,92.82,142.69,795,173,1.26,14,115.98,969,319.27,2026-02-02T06:19:41.137Z
a1ee00eb-9a4d-47f9-ca6a-f782f2f87fc7,f61f2a14-3a64-4170-c4e0-7f394614ec15,7e8192d3-756a-4974-209e-dc1ea1cca26e,2026-03-05T23:26:15.946Z,882,535,43.51,191.34,714,420,57.66,2129,227.63,552,420.85,2025-10-28T05:19:33.323Z
f5afc856-84b8-4a24-26a5-4b4a5d2c361d,974aa30d-547e-4e21-86d6-1f3c34623f7f,b017f20d-2b75-45dd-64d2-722f145a78d0,2025-09-09T07:24:28.173Z,142,755,69.82,147.95,351,295,51.09,3932,371.05,33,769.08,2025-09-09T22:12:31.718Z
6fdedbbf-564a-4596-e85a-28d32c7f670b,6ca9565d-394f-4984-5af6-b337411ec843,2a4e5e57-fab3-47be-aa17-438ff8cedd26,2025-10-07T08:31:20.481Z,135,988,67.91,817.35,723,34,48.78,253,669.82,388,648.31,2026-01-03T20:03:54.739Z
db4b0f5f-be8d-45d1-3ada-80d5f0a666ee,a9f9f807-e129-4f29-9091-c45f8770da1a,b1160aa4-615e-46be-c33f-53b664f1618f,2025-11-25T08:09:03.053Z,409,438,11.43,403.52,141,726,15,7866,933.86,790,809.23,2025-10-08T07:28:25.618Z
a10e019d-09f4-4068-e7cf-1fe8335c00d4,a37257b2-9391-4433-6110-687c09f379ec,aed83b90-feeb-480d-e57c-176768104c81,2025-08-22T13:20:13.504Z,365,121,58.95,693.88,558,931,84.41,1798,24.65,670,375.91,2025-06-06T06:07:39.506Z
86d1a543-f1ac-4552-ac48-dad49dacc581,dc5c38cd-11bd-4d48-b540-0659ffe8f55b,b017f20d-2b75-45dd-64d2-722f145a78d0,2025-04-24T10:38:45.411Z,62,586,75.22,341.6,404,806,86.35,8155,49.21,598,878.09,2025-12-19T16:34:03.103Z
73ea3e7d-601d-4029-630e-37c96c14a77d,d914d5ce-2aec-454b-3d59-d028d03124f6,4c81bc97-321d-48c5-d316-8243b2e8187e,2025-08-14T11:50:33.740Z,36,399,41.08,579.9,981,823,81.16,9267,302.59,266,480.75,2025-06-01T02:19:56.497Z
81d166e8-8473-43ab-bcc4-7079c4f45293,3e334f12-6fd2-4fbe-3f23-a1309343356d,e536d26c-1212-499f-3401-979cc6978147,2025-11-01T12:17:46.304Z,799,31,27.11,551.38,161,897,54.19,2967,953.3,900,307.63,2025-05-31T14:08:34.799Z
c4cbcc21-a919-4c10-cbe2-db5c9aedae18,cd807608-c28a-4e54-37b1-20305ffdcd5c,7e8192d3-756a-4974-209e-dc1ea1cca26e,2025-08-30T05:09:57.067Z,210,665,46.98,738.35,845,456,53.66,8033,953.21,563,838.46,2025-05-07T10:31:49.227Z
79d39ab4-7516-4962-9da0-27fb96f6d276,31e6dcd8-7b5b-4c54-b419-66da1259c0d7,f56bd850-ae1d-4c12-1f67-ecd289df1620,2026-01-14T11:12:59.074Z,51,233,90.64,293.78,849,636,36.4,7597,877.31,671,640.89,2026-03-10T08:31:00.473Z
0b7514ac-44c2-4b0e-cd87-f3f364145fd4,fb441a9a-76af-4633-ef6e-1ccf7e88caa7,3a19d003-2447-4c77-d435-69866c42a3e8,2025-12-14T22:27:54.962Z,696,207,21.6,515.32,121,724,82.65,5382,687.72,931,759.78,2026-01-31T22:43:25.150Z
db240aa2-db6d-4af2-93b4-558bbf5f0b3f,b913d05c-d452-4b8d-58bc-5af42ecc92ad,837a9baf-7fed-4fe4-630e-eeaf60164bcb,2025-04-13T06:06:47.596Z,695,164,82.1,257.1,117,666,70.31,7422,666.74,881,699.76,2025-09-27T01:23:46.183Z
898efa33-9328-4b92-58dd-a62d7170d76c,40dc6875-50a3-4da6-8104-124ea7a529fb,b017f20d-2b75-45dd-64d2-722f145a78d0,2026-03-11T20:32:40.690Z,631,76,84.09,799.11,169,689,27.92,2791,692.28,49,597.71,2025-07-31T20:37:05.083Z
612d7809-ef18-4284-8757-34fdefea301d,d914d5ce-2aec-454b-3d59-d028d03124f6,1c4d8e9f-05af-4567-fc15-60738335dd73,2026-03-22T11:34:48.377Z,821,125,29.71,872.42,420,312,27.61,9447,585.95,378,541.24,2026-02-05T04:00:02.806Z
e4dec9be-44f8-4a34-1b5e-b0cf792f8f5e,230051a7-77f6-49c9-6d7a-c1c341da56c9,76fb7096-3d5c-4180-3013-e7a55c8b02bb,2025-05-07T07:55:30.773Z,177,902,15.39,817.62,964,546,94.98,6219,493.28,521,363.7,2025-12-05T02:14:45.177Z
f1a7e490-e6fe-472f-d162-336fa8dd0686,98dc63d7-8988-4ff8-b7ca-2ab8d1f39352,94dc4310-c140-4af7-8a5b-88c24ff5a5d3,2025-12-01T19:27:08.893Z,153,879,64.73,286.75,528,224,38.34,710,389.52,13,329.77,2025-11-02T07:40:20.581Z
e20fdec8-4287-4a4a-8017-73a163719a28,f3bdc0f5-709a-4443-3bcd-690202dcd619,615ffcad-04ca-4584-4505-45cbefd50d58,2025-11-04T12:23:36.156Z,562,1000,23.96,389.02,578,301,69.48,1675,897.78,382,533.08,2025-06-07T10:40:55.641Z
2a3cbc31-5fdc-4d73-2622-6146e69181a3,afb57115-93e2-41e4-19fb-726afc7dc847,fe4720c1-f369-4760-b122-6b324f08f3a3,2025-10-06T15:29:56.166Z,875,324,14.97,157.24,159,258,55.32,3587,916.51,128,186.7,2025-09-09T10:21:18.025Z
85460766-41cf-48e8-79df-18102f419340,12c936b7-76a2-4244-3342-f64b193771af,930d6afd-4225-4c87-6245-39cb7a7a0d26,2025-09-10T12:08:45.910Z,131,875,77.73,719.29,541,71,20.33,4833,428.13,922,221.96,2026-01-01T09:04:26.840Z
cebcd8ca-891f-437e-bf6b-e3db36fbcd6a,a9f9f807-e129-4f29-9091-c45f8770da1a,e536d26c-1212-499f-3401-979cc6978147,2026-04-11T14:26:54.157Z,460,571,32.61,950.49,166,367,98.61,2143,43.38,202,233.62,2026-03-07T14:21:39.928Z
aebc1e74-47a2-4905-c145-61391cf032e3,3f1eb67e-af2a-4430-00e8-036be32a0239,5eca5363-069f-462b-ef13-7dba299c99d9,2026-02-06T18:48:59.269Z,379,918,81.89,527.51,584,365,53.04,3051,433.54,227,333.59,2025-08-07T22:07:06.914Z
e7c6738c-2af2-4ff7-b3f9-ba472d8549b4,74996144-2438-4454-03fb-d777b4c9db8b,3a19d003-2447-4c77-d435-69866c42a3e8,2025-09-25T06:15:33.652Z,306,482,1,534.96,980,819,89.75,2796,660.63,698,609.26,2026-02-11T20:13:12.967Z
30299d87-ca9b-407e-73d1-03c0a0f43c39,f61f2a14-3a64-4170-c4e0-7f394614ec15,c8bf5171-97bd-4a3c-df89-c4059e1474e2,2026-01-23T16:22:13.169Z,390,652,27.03,262.58,674,27,75.65,5616,120.06,202,704.54,2025-12-29T09:56:43.061Z
aca1d53e-d8db-4ae1-4122-175a1d29bccf,4f78a299-95cc-4ebc-45f5-de09ee40e0da,5eca5363-069f-462b-ef13-7dba299c99d9,2026-01-14T10:15:53.799Z,284,601,74.9,366.19,122,426,63.33,3130,487.04,897,389.56,2025-05-01T22:03:10.766Z
073a4460-d23e-4a07-bce3-9b47a554f328,25984c0e-a7ff-4156-822e-ec2fb55f198a,219980cb-3f77-4414-faeb-5f70b1472a36,2025-04-24T07:18:14.065Z,728,662,94.28,268.28,668,231,90.24,3791,189.05,289,530.58,2025-04-13T04:51:32.650Z
b405c0a7-471b-433d-2918-74e27ec61c80,44e91cce-ea65-438a-461a-9f0cf86acc81,3a19d003-2447-4c77-d435-69866c42a3e8,2026-03-07T22:35:36.005Z,788,427,71.23,318.17,480,808,41.31,6841,505.6,153,201.85,2026-01-22T09:49:26.849Z
4401fe31-1654-46f2-32ca-c968346648f8,8a50d483-aa92-4384-4deb-3d5c6bf0f0f7,469af544-bb26-4d4c-4b28-ab15c4812991,2025-12-17T10:30:08.366Z,909,693,64.47,521.15,151,830,37.25,9291,594.85,837,297.11,2025-04-28T19:32:27.579Z
b4543f8a-b1cb-4448-dfcf-8ce2027659b5,cd416869-1efc-4398-0a2a-903b79ed2d98,24557b57-0c13-4c0c-a3e9-39903a1a94a3,2026-01-26T20:46:24.673Z,980,471,9.08,149.98,147,590,77.21,6421,208.77,303,859.06,2025-07-07T22:21:52.736Z
b7330d48-907c-45de-98d0-d27594544e1a,4361747f-bbcd-4426-e55e-5ac00ba3e695,b1160aa4-615e-46be-c33f-53b664f1618f,2025-09-25T09:11:52.298Z,28,557,6.85,25.27,339,691,4.15,321,85.16,417,772.91,2026-02-12T19:05:10.213Z
995f31c4-e196-4c50-a857-e3ec49dff177,25984c0e-a7ff-4156-822e-ec2fb55f198a,837a9baf-7fed-4fe4-630e-eeaf60164bcb,2025-11-03T11:21:27.993Z,490,529,80.87,742.1,140,747,70.1,5781,680.34,774,608.61,2025-10-03T11:32:17.604Z
b55b833a-3096-4436-7385-b0d130cff996,ca649c96-10ee-4d76-dcea-e4beca9603df,545d1106-2b34-4e12-24da-7673253ca1d7,2025-06-18T02:12:49.781Z,381,714,46.98,272.81,80,92,15.18,2009,185.26,797,583.24,2025-09-28T05:06:06.412Z
47538bde-8e67-4403-3e46-97ffe23aaef6,cd416869-1efc-4398-0a2a-903b79ed2d98,aed83b90-feeb-480d-e57c-176768104c81,2026-01-02T23:36:25.030Z,10,224,37.93,552.37,942,820,36.39,1956,59.69,394,503.67,2026-03-17T12:04:46.540Z
a5abfd88-79fd-4c29-5ff3-18d9e2f7fd6e,152072c0-f075-4a77-bebe-aaa40d5c36c5,1612581f-ee93-42bd-8ca1-106ca3f5fb8d,2025-12-04T16:58:52.684Z,91,385,37.36,287.1,928,263,65.94,6912,858.29,685,623.68,2025-08-04T01:26:52.935Z
956b2b72-51aa-408e-0c79-a395981c7ee9,5354d00b-34f0-4a88-58d4-8decde6ce2ee,291d99ad-c85c-4557-8915-25527607d5cf,2025-08-22T21:01:29.963Z,728,530,87.37,840.21,992,248,61.41,165,23.31,490,259.3,2026-02-09T16:09:17.300Z
5d0358e6-ee6e-4e9f-2a3a-0cb40d1078ae,2815d421-fa85-4846-4e67-32f2b052db68,f56bd850-ae1d-4c12-1f67-ecd289df1620,2025-08-19T03:02:51.974Z,728,337,64.81,280.19,946,13,17.45,6443,574.66,854,145.22,2026-03-30T15:27:49.416Z
6cde414b-f3b1-4669-f3f8-347181847b45,2f04b13c-c50c-4de2-5f7d-f7ef75d312f1,af7db41b-a69f-4ae5-eb9c-f59fa17dcd26,2025-08-23T22:18:49.260Z,637,852,82.67,275.82,682,639,30.18,8765,522.02,452,357.49,2026-03-01T23:05:20.067Z
6c43c2a7-1279-44e3-1e69-77263599b541,49c0f8d8-fcc1-4c41-a548-3ff914a66692,4ca6797c-e546-4f8b-df90-dbb08907d99e,2025-04-20T06:26:56.487Z,545,543,12.3,342.89,538,181,29.04,6448,812.84,298,672.71,2026-02-12T07:26:09.561Z
c397b7bb-0ed8-4c06-5a71-c006fbf5abba,3e334f12-6fd2-4fbe-3f23-a1309343356d,f56bd850-ae1d-4c12-1f67-ecd289df1620,2026-01-02T16:00:51.431Z,960,998,55.05,345.66,412,158,42.38,6970,269.77,244,270.39,2026-04-09T05:50:02.654Z
763766ee-b20e-4c4e-c5d3-bd46e03a8190,3aaad658-14e8-4861-52c9-2341f1d4e7da,f3e56a9d-701d-4138-17b4-468168466ac1,2025-12-11T13:01:03.626Z,509,206,74.73,408,933,877,25.31,1694,708.48,795,856.76,2025-05-18T09:46:21.159Z
bc3379d8-2275-470f-10b7-8d04328d2aab,440eba09-b8a9-4df2-7ce2-88916df0536d,af7db41b-a69f-4ae5-eb9c-f59fa17dcd26,2026-04-06T08:00:35.988Z,538,978,76.35,129.83,55,351,67.9,6835,835.54,233,124.81,2025-04-22T06:47:27.289Z
f4e9fa9d-8b00-40d4-4fb9-acae3f67e684,8896db36-2d61-437b-b2c1-dc033ac04606,615ffcad-04ca-4584-4505-45cbefd50d58,2025-12-14T20:30:39.001Z,829,47,69.13,344.61,836,488,71.32,587,185.56,749,807.03,2025-07-25T12:24:52.483Z
6c2758a0-bb86-4986-a9db-53226e29d165,974aa30d-547e-4e21-86d6-1f3c34623f7f,16c0f045-ad9e-4d23-8922-374a2534b914,2025-09-06T04:36:37.976Z,13,590,92.93,198.35,523,961,56.71,5472,741.51,561,179.3,2026-01-11T14:25:34.038Z
358f00a3-6c61-48a1-e2e5-df36da3f47ca,12c936b7-76a2-4244-3342-f64b193771af,615ffcad-04ca-4584-4505-45cbefd50d58,2025-12-06T09:59:58.387Z,940,881,84.71,135.56,485,185,16.99,5792,381.96,273,219.17,2025-05-09T02:45:17.083Z
65da0475-6180-4d53-e4a7-5d7b03d619dc,3f1eb67e-af2a-4430-00e8-036be32a0239,3a19d003-2447-4c77-d435-69866c42a3e8,2025-07-25T23:48:48.976Z,574,298,17.6,139.17,682,300,16.5,8684,748.17,133,405.03,2026-01-08T16:44:36.299Z
3949cacb-57e3-47d5-5ed7-b0034941c6e8,2d6bfb42-752b-4b9d-3444-de223d3aae60,5eca5363-069f-462b-ef13-7dba299c99d9,2025-11-25T13:15:33.255Z,425,482,67.24,528.96,595,154,72.46,9523,347.16,721,495.72,2025-10-02T03:34:17.565Z
14dba38a-906f-4e58-e86a-1b0a0648fcc3,857fcefe-5faf-4a3c-df5d-917321d0ed26,1c4d8e9f-05af-4567-fc15-60738335dd73,2025-06-18T09:34:06.048Z,977,702,76.87,370.41,539,605,56.35,4072,119.85,593,938.83,2025-12-19T00:25:11.953Z
74c5b682-4f7a-442e-a636-c23403c122cb,44e91cce-ea65-438a-461a-9f0cf86acc81,7e8192d3-756a-4974-209e-dc1ea1cca26e,2025-09-06T07:08:41.042Z,189,631,56.92,499.51,745,375,74.53,483,264.89,6,195.57,2025-11-04T19:31:28.883Z
9eb04dc2-1a61-4cca-4ca1-99c76560a83b,824fd656-898c-4a31-aa57-ef6e1d6c346d,3a19d003-2447-4c77-d435-69866c42a3e8,2025-12-16T20:00:04.411Z,105,468,75.25,739.67,770,361,21,5729,487.19,530,756.21,2026-01-01T15:08:19.776Z
9f7a9fa2-f60a-4acd-fb64-33578c120968,824fd656-898c-4a31-aa57-ef6e1d6c346d,469af544-bb26-4d4c-4b28-ab15c4812991,2025-11-24T21:37:40.685Z,768,425,90.66,273.16,338,911,35.86,3482,921.5,601,341.89,2025-10-27T21:25:29.245Z
123df98e-7f83-459a-b7b2-9f7ce393f3c2,4361747f-bbcd-4426-e55e-5ac00ba3e695,4f68cba7-6170-4ab1-21f9-a7a23a74f8c0,2025-11-04T11:31:14.970Z,53,976,71.67,90.22,510,874,30.87,3721,649.53,855,823.08,2025-12-18T10:24:24.068Z
fbf72ecb-8fb2-4acc-e5dd-7cb0f74b2853,b913d05c-d452-4b8d-58bc-5af42ecc92ad,e394ca10-b5a0-45cc-8730-3524aff8641a,2026-02-19T09:20:15.194Z,676,599,77.45,815.88,626,939,13.52,1211,809,521,950.13,2026-03-02T09:24:52.058Z
4d406e79-d51e-47a0-2e00-b9f233d08196,b913d05c-d452-4b8d-58bc-5af42ecc92ad,343e4691-d779-4742-a9b6-c828fbb55b61,2025-08-10T06:16:52.988Z,351,681,60.02,985.65,198,730,38.47,8877,345.81,848,153.38,2025-11-20T23:11:50.467Z
c686cc80-c2b2-47c7-4aae-559b9bb0e04d,0ba497e7-4a6e-4b40-b8d5-7f23952ad2cd,0898bc8a-8083-4b0c-faf9-0f5d0224e73e,2025-05-29T00:16:40.238Z,687,424,10.16,251.24,426,825,58.13,8533,74.2,192,468.38,2025-05-25T05:26:33.836Z
92ee445b-28a0-4c59-905f-eef9aa90a430,d914d5ce-2aec-454b-3d59-d028d03124f6,f902ac6e-7076-46f8-2ee0-d0970401682b,2025-04-12T19:42:13.544Z,74,413,16.4,997.16,237,872,78.15,8576,23.87,907,594.13,2025-07-24T02:54:28.874Z
b481ebe8-6e61-4cc5-e7ce-415e7746869d,3aaad658-14e8-4861-52c9-2341f1d4e7da,7cc152ca-2334-4efd-8c58-4327009bcdb6,2025-12-24T20:58:52.450Z,935,934,96.41,853.99,32,531,5.78,2251,461.62,405,835.81,2025-06-07T18:53:46.125Z
e52a8c97-6043-490f-5ebd-fb9d36a9b957,8ec11999-7a20-466e-84f7-f134e29d20eb,b017f20d-2b75-45dd-64d2-722f145a78d0,2025-08-27T20:44:15.539Z,711,833,9.01,158.97,231,319,37.29,2141,285.66,702,256.78,2025-05-20T12:08:49.601Z
8eac6251-919f-4c44-a3a9-80c8262a3abe,98dc63d7-8988-4ff8-b7ca-2ab8d1f39352,4fab3abf-dd8f-4d4b-ef39-52d4314418ca,2025-04-16T07:12:30.887Z,123,694,9.23,790.81,149,249,76.24,1173,368.88,16,494.8,2025-10-07T14:27:05.997Z
941ccfd0-8d1d-4e00-70c7-47fa40ecb2fc,3e4e588f-bb13-48f9-ae27-231d699b174f,76fb7096-3d5c-4180-3013-e7a55c8b02bb,2025-11-11T10:31:43.461Z,963,146,24.05,479.16,675,331,53.02,3747,895.39,386,26.61,2025-09-21T01:58:28.338Z
2d6ea486-3f43-4826-92f5-941dd59e471f,e66f5152-bb91-495c-70a1-919b8657aacd,1eca3985-996e-497f-4644-294968d742b8,2026-03-06T09:10:12.999Z,760,791,18.94,86.13,506,444,6.4,7364,319.71,727,929.58,2026-02-07T22:19:37.455Z
bbcc1fa8-0144-4d8e-f2ef-641e8026f4ff,4f6d2f72-e04a-4494-a2d8-a7c9330625ec,4c81bc97-321d-48c5-d316-8243b2e8187e,2025-09-12T01:40:52.680Z,497,721,0.77,203.79,355,28,74.65,3424,973.24,774,519.63,2025-08-23T03:24:41.935Z
e7780ca3-7bd4-433b-9ae6-92ebf10bc090,ef30f378-ae06-4200-e466-b63a46dd4365,2bd4f3bc-df4b-49c7-997f-c11868da495a,2026-03-06T23:44:12.217Z,387,988,77.99,296.55,224,243,45.33,6210,917.86,216,753.82,2025-07-12T01:46:46.545Z
8dcbfb7b-223d-4b04-5b8c-be3f5c43a854,974aa30d-547e-4e21-86d6-1f3c34623f7f,5b1b6bbb-ac85-477d-9a11-d480281a4b21,2025-11-20T04:47:04.775Z,429,523,91.13,942.49,809,701,88.71,7243,214.62,990,978.9,2025-09-22T20:09:41.343Z
2faa652d-a2cd-4ea4-57b3-26cbc63d72d2,74996144-2438-4454-03fb-d777b4c9db8b,10539e4e-19ad-49ff-5fb1-13c6a13a9cc0,2026-03-26T01:27:26.165Z,216,977,36.66,408.02,776,58,63.84,8096,197.47,776,696.89,2025-06-29T00:28:52.946Z
fa236787-ec89-4e88-775c-34698710309d,09e8d1ef-f5f0-41fa-38f3-10bac079d03c,7e8192d3-756a-4974-209e-dc1ea1cca26e,2025-04-15T13:16:15.224Z,83,928,5.87,436.26,176,689,61.4,7369,564.45,928,121.31,2026-01-21T17:05:05.210Z
e73bb949-fcf8-4a6c-7b4f-7ee9744fd91f,60bb9abd-ad4f-43fe-d09e-d416a48001a5,4fab3abf-dd8f-4d4b-ef39-52d4314418ca,2026-04-08T02:07:27.659Z,402,789,36.62,91.27,111,620,13.22,6898,386.27,614,87.1,2025-05-18T17:30:59.007Z
2fd7bbbd-1bfa-4d6c-43cb-8b5ddacbce51,4f78a299-95cc-4ebc-45f5-de09ee40e0da,7d85b267-ac94-499b-94c1-eff3632a4d8b,2025-08-26T04:21:12.027Z,281,593,35.5,423.44,914,557,15.88,7723,304.72,590,989.54,2025-08-09T21:39:55.790Z
3ec9cb9d-aab8-4113-d7de-3c396a079a60,230051a7-77f6-49c9-6d7a-c1c341da56c9,00e48b05-b6cb-410f-1525-6668c44bdb40,2025-10-21T16:24:30.394Z,480,757,76.19,71.57,495,361,84.06,1217,622.29,216,811.61,2025-08-21T21:04:56.338Z
498d11c7-4d56-43cd-d2a9-0b99b62c5ec6,49c0f8d8-fcc1-4c41-a548-3ff914a66692,eb97341d-2385-4175-9a86-c3256608e18e,2025-06-04T21:20:17.654Z,353,989,92.01,660.78,624,292,75.42,1494,381.13,642,176.07,2025-05-06T10:31:55.793Z
3c064880-a718-4965-14e0-bcad20f5ece8,83c0f5a4-11a8-4b1f-5064-e6047d878674,930d6afd-4225-4c87-6245-39cb7a7a0d26,2026-04-10T20:10:37.155Z,953,166,0.79,438.47,339,546,42.85,2879,824.37,357,77.76,2026-03-30T14:44:49.392Z
d04a1956-491a-4f1d-03b5-b8076afc75d6,ef30f378-ae06-4200-e466-b63a46dd4365,930d6afd-4225-4c87-6245-39cb7a7a0d26,2025-10-23T08:58:58.490Z,132,386,98.25,289.53,570,703,55.33,5020,288.19,829,33.35,2025-07-25T21:43:47.563Z
2f587ff5-c66d-49fc-8697-47f5af4e069e,12c936b7-76a2-4244-3342-f64b193771af,521d1584-627e-495f-893e-82a12f5344be,2026-03-21T13:05:00.612Z,550,123,49.86,854.85,512,618,59.58,9880,147.1,705,293.32,2026-03-22T13:26:49.754Z
12f149a1-1636-47c9-ad96-f35d3c3726bb,44e96aef-1775-4e8c-e285-02e0cadba8e3,0898bc8a-8083-4b0c-faf9-0f5d0224e73e,2026-04-03T04:59:22.609Z,909,298,90.79,36.12,494,556,71.14,6446,10.88,313,429.55,2026-01-26T14:50:46.103Z
5861b685-f938-42b2-231e-705af907848e,f61f2a14-3a64-4170-c4e0-7f394614ec15,f0fe80e2-ee98-4631-fd46-bedaa4937130,2025-09-16T14:56:16.150Z,225,707,83.64,160.6,390,166,43.47,4986,955.54,744,485.57,2025-07-09T01:54:39.025Z
f0d1765b-0b9a-49ad-a4eb-4ebb02c14703,36fa19ad-37fd-44f9-4a36-73f18ecfe5f4,545d1106-2b34-4e12-24da-7673253ca1d7,2025-04-23T12:14:52.643Z,27,218,63.68,988.66,414,301,70.36,8794,593.54,305,935.12,2025-09-15T05:33:25.474Z
b658baab-51f4-40f1-7c1a-d8d419865d97,cd807608-c28a-4e54-37b1-20305ffdcd5c,eb97341d-2385-4175-9a86-c3256608e18e,2026-03-20T12:35:31.362Z,851,238,59.19,1.94,597,479,73.43,1452,427.98,30,411.45,2025-10-10T06:28:37.747Z
d9a5fbe3-aa43-42da-233d-30b05a2e1869,83c0f5a4-11a8-4b1f-5064-e6047d878674,e112e16e-d7d4-47de-a1f6-038db1f702ae,2025-12-12T12:01:20.262Z,73,211,90.18,143.69,109,49,66.49,2208,29.36,451,698.06,2025-04-20T23:10:30.595Z
37d5a789-f91c-497d-f67b-bebaadd6c70e,3e4e588f-bb13-48f9-ae27-231d699b174f,10539e4e-19ad-49ff-5fb1-13c6a13a9cc0,2025-09-27T12:54:32.428Z,719,368,95.38,625.41,957,850,67.97,7835,258.78,300,143.4,2025-05-05T21:45:34.279Z
1b5b6ad0-cef6-4a8c-572d-2a4d4f2715fd,08c9d53b-5bb4-4a4e-3e69-2fcd9679e99e,930d6afd-4225-4c87-6245-39cb7a7a0d26,2026-01-16T02:14:46.010Z,801,890,19.14,489.43,137,813,6.07,5424,419.5,764,39.97,2025-07-13T22:39:21.431Z
b328fe39-f148-40ae-eee3-247c4d8b9417,83c0f5a4-11a8-4b1f-5064-e6047d878674,545d1106-2b34-4e12-24da-7673253ca1d7,2025-06-17T15:15:03.880Z,95,593,89.36,548.55,772,513,67.53,3790,316.21,538,1.49,2025-05-04T10:00:28.202Z
802a4d1b-0dc9-4d71-00fd-c403c037b0be,0e77db3f-7cdc-48b3-e10c-c05d74f5b464,e112e16e-d7d4-47de-a1f6-038db1f702ae,2025-05-26T15:21:07.759Z,158,388,43.91,157.3,171,815,92.23,7473,947.07,909,333.63,2026-01-31T07:08:03.441Z
db790046-1356-49ac-357f-029ecfb79957,230051a7-77f6-49c9-6d7a-c1c341da56c9,7d85b267-ac94-499b-94c1-eff3632a4d8b,2025-04-12T10:51:00.645Z,750,388,99.93,407.44,851,304,88.31,2415,929.55,523,345.36,2025-12-13T03:43:32.455Z
09910094-59be-44fe-4a9f-e1df7f60324b,d914d5ce-2aec-454b-3d59-d028d03124f6,aed83b90-feeb-480d-e57c-176768104c81,2025-08-16T15:20:20.454Z,136,158,50.62,514.79,219,997,89.85,9881,447.78,162,813.01,2025-11-01T09:49:44.131Z
2949fa92-d1d0-41a1-9e58-30f043afb2c3,5bcd0cf0-44a3-4e73-1c78-3d3c73e703b3,f56bd850-ae1d-4c12-1f67-ecd289df1620,2026-04-06T12:03:39.567Z,584,540,17.58,996.02,94,151,84.48,1495,348.92,504,456.01,2025-09-20T03:35:38.859Z
8287b6d7-3949-458c-4637-8e94ef58861c,152072c0-f075-4a77-bebe-aaa40d5c36c5,00e48b05-b6cb-410f-1525-6668c44bdb40,2026-02-11T19:44:55.239Z,546,418,86.44,222.21,481,544,87.14,6113,436.05,978,71.85,2025-09-28T02:19:05.634Z
11e0995d-8be9-4c80-bfce-083fc091c0e4,12c936b7-76a2-4244-3342-f64b193771af,76fb7096-3d5c-4180-3013-e7a55c8b02bb,2025-09-30T15:06:24.549Z,259,628,64.69,421.57,809,139,86.73,9651,940.29,153,72.67,2025-08-20T05:52:31.605Z
a954ffcd-5eec-46ee-3aa2-2df1f1405936,5cca90e9-35ef-4b60-da97-176e79a801fd,59faa8f0-e266-467f-aa62-7fd97008cad7,2025-12-03T11:36:41.506Z,764,620,9.62,574.9,7,812,61.68,241,610.5,482,454.38,2025-11-05T01:14:16.427Z
6b1c72e9-5f99-4fe7-4526-89a5d16cb2c2,824fd656-898c-4a31-aa57-ef6e1d6c346d,2d706e75-fd47-4d6b-cc14-10a1bf804d62,2026-02-07T07:33:45.673Z,90,808,63.4,983.59,891,62,14.29,988,809.58,428,891.43,2025-06-11T23:54:46.603Z
88871ef2-06c2-4587-56e6-94c2d50eb71e,74996144-2438-4454-03fb-d777b4c9db8b,94dc4310-c140-4af7-8a5b-88c24ff5a5d3,2025-09-29T09:03:38.245Z,828,881,71.95,296.54,690,985,98.73,8585,724.5,590,64.66,2025-05-02T07:54:58.101Z
1217ecbc-c557-443c-aea4-3048f251032f,440eba09-b8a9-4df2-7ce2-88916df0536d,2e858920-a13b-46d3-3f94-8050bb03f098,2025-11-23T20:12:28.561Z,311,676,83.57,346.67,38,89,60.46,5581,645.15,576,143.04,2026-01-27T09:50:01.390Z
c85972d0-1f41-4a87-1b17-789799f59706,6fd51bd1-cbdc-4c3a-0686-e52d7fe6061c,4c81bc97-321d-48c5-d316-8243b2e8187e,2025-04-30T00:30:20.104Z,211,560,65.1,928.97,830,914,61.69,9945,197.84,495,857.2,2026-02-10T19:56:55.250Z
3496beb4-8cda-44fd-c02a-3228dda3687b,08c9d53b-5bb4-4a4e-3e69-2fcd9679e99e,fe4720c1-f369-4760-b122-6b324f08f3a3,2025-08-02T19:28:51.103Z,409,434,58.14,352.54,806,965,92.37,3861,523.32,371,270.01,2025-05-16T00:13:44.121Z
1ab3dc67-100c-4001-0c10-fcf0983261d7,824fd656-898c-4a31-aa57-ef6e1d6c346d,521d1584-627e-495f-893e-82a12f5344be,2026-01-20T12:25:02.183Z,130,75,77.03,16.48,37,245,43.75,1662,168.18,482,455.23,2025-12-25T21:24:42.962Z
aae2d277-b29d-4ee6-b66b-5c13af84bf7d,2de16969-104d-43a0-bfd9-fe690d9d6eac,13905047-dc05-4f11-21d1-ceb2ff2a4ead,2025-07-18T23:24:51.755Z,701,465,18.57,30.75,636,380,34.98,3216,510.23,261,454.24,2025-11-18T09:46:43.356Z
e7d9aa83-76e5-451a-469d-b242d9392d33,0ba497e7-4a6e-4b40-b8d5-7f23952ad2cd,aed83b90-feeb-480d-e57c-176768104c81,2025-10-25T07:16:03.347Z,192,416,68.12,429.76,560,688,52.81,3442,551.19,313,437.7,2025-11-24T13:10:51.982Z
5734ca9e-10ad-444d-08cc-ae9b636bd3ff,83c0f5a4-11a8-4b1f-5064-e6047d878674,a41d4030-6171-4181-a953-5d0104c592fd,2025-05-17T11:53:07.354Z,40,24,89.9,57.52,323,712,52.27,6121,653.48,261,652.21,2025-07-02T05:18:40.620Z
859cdaf5-9a3f-4381-608e-6ce6022c4c90,0e77db3f-7cdc-48b3-e10c-c05d74f5b464,219980cb-3f77-4414-faeb-5f70b1472a36,2026-04-03T09:47:28.466Z,184,372,66.16,652.43,992,728,78.25,1005,591.76,200,460.04,2025-06-16T16:28:14.713Z
3c38a25a-d9a6-48e7-3d9a-0c40b801459c,09e8d1ef-f5f0-41fa-38f3-10bac079d03c,4fab3abf-dd8f-4d4b-ef39-52d4314418ca,2025-09-29T16:44:19.731Z,452,750,8.69,958.62,947,215,29.56,7187,296.23,144,260.02,2025-09-24T09:03:00.179Z
b5430fc3-3e67-446c-b6d7-7de382955b91,2815d421-fa85-4846-4e67-32f2b052db68,1eca3985-996e-497f-4644-294968d742b8,2025-07-08T05:13:05.200Z,255,363,88.41,991.18,452,149,52.12,5227,562.28,832,34.3,2025-12-31T11:34:28.558Z
5d2fd91e-48c8-4d91-040b-38b45ea8c752,4f78a299-95cc-4ebc-45f5-de09ee40e0da,a41d4030-6171-4181-a953-5d0104c592fd,2026-03-29T01:19:35.183Z,59,46,83.8,416.06,236,357,52.97,5974,205.29,840,807.73,2025-12-18T01:14:39.461Z
133695dc-9802-448f-2ebe-04fd40412815,ef30f378-ae06-4200-e466-b63a46dd4365,8fcce2e7-79c7-439d-1c00-1a62a46a56f2,2025-10-28T07:03:26.048Z,478,963,68.62,958.54,565,591,65.73,9132,160.14,226,614.71,2025-12-20T22:09:11.334Z
13688862-6779-4869-de87-a62e24b7d9a6,5ad3d718-54d7-4cd2-1fcf-87aea33287e9,fe4720c1-f369-4760-b122-6b324f08f3a3,2025-08-06T04:00:40.779Z,98,308,29.83,692.22,553,891,97.98,6720,217.67,640,963.82,2025-12-18T19:53:24.260Z
a8142b2f-6b86-4815-37a4-261c65bcd726,6fd51bd1-cbdc-4c3a-0686-e52d7fe6061c,1eca3985-996e-497f-4644-294968d742b8,2025-05-27T14:22:01.439Z,493,552,85.06,163.57,714,205,43.08,843,978.12,387,623.34,2025-07-02T21:22:42.154Z
256a349c-796f-48ee-37f5-8aba78045430,74996144-2438-4454-03fb-d777b4c9db8b,1eca3985-996e-497f-4644-294968d742b8,2025-07-31T15:25:50.299Z,21,131,60.01,534.27,617,701,67.76,3334,946.52,19,487.93,2026-01-25T03:24:45.633Z
658f2ee8-6f95-4029-102e-932bc20dd8ee,7b4e9cee-f4ce-4983-6f42-9424ff347d5a,b9a92613-a49f-49ac-02ac-12389b77c55c,2025-09-23T15:23:48.239Z,586,32,91.22,592.85,460,694,39.57,5067,301.54,372,789.56,2025-10-17T00:32:39.207Z
75346543-c372-419f-a031-2670a1144d4a,afb57115-93e2-41e4-19fb-726afc7dc847,5b1b6bbb-ac85-477d-9a11-d480281a4b21,2025-10-12T15:20:43.841Z,471,789,77.46,359.27,458,176,39.01,4407,651.51,825,827.77,2026-01-31T11:11:29.990Z
ea297678-2166-4745-96de-ffe79ee90d26,09e8d1ef-f5f0-41fa-38f3-10bac079d03c,291d99ad-c85c-4557-8915-25527607d5cf,2025-06-03T12:16:17.351Z,621,154,75.52,986.05,199,103,61.17,1882,781.87,156,632.39,2025-10-27T13:10:33.039Z
bb8fc215-26ef-4806-805f-cb0d40dac96f,4361747f-bbcd-4426-e55e-5ac00ba3e695,94dc4310-c140-4af7-8a5b-88c24ff5a5d3,2025-07-18T08:01:31.219Z,94,714,12.86,462.46,638,212,16.46,4963,320.63,869,256.48,2025-10-24T12:42:49.503Z
308aa391-0740-43f9-3db7-a9fdc9b7d2a7,dc5c38cd-11bd-4d48-b540-0659ffe8f55b,615ffcad-04ca-4584-4505-45cbefd50d58,2025-07-05T09:56:27.302Z,258,2,81.69,913.8,848,540,91.3,6972,999.83,324,451.38,2025-08-18T02:25:28.510Z
7788ed2c-235f-47ec-3278-ebb0aa1538e7,c679812d-8719-424c-f810-c17bf20e8d10,a41d4030-6171-4181-a953-5d0104c592fd,2025-10-28T17:09:31.691Z,678,186,57.12,241.84,154,474,6.39,2071,250.76,106,120.57,2025-12-19T15:33:42.501Z
bfbb2e09-5fe2-439c-4076-ef0bc2bbdd9d,ab6bc2eb-0064-48a7-7f0c-9a1783bcd064,2e858920-a13b-46d3-3f94-8050bb03f098,2025-10-06T03:08:36.375Z,126,489,31.61,542.01,96,537,17.96,5379,764.83,523,523.62,2025-11-17T13:19:01.714Z
ac8e99fe-8757-4ca0-ea1d-cdb8d4665d0a,d914d5ce-2aec-454b-3d59-d028d03124f6,76fb7096-3d5c-4180-3013-e7a55c8b02bb,2025-06-09T18:24:33.488Z,734,879,29.92,263.52,787,673,32.52,5030,613.18,755,784.94,2026-02-13T18:02:04.179Z
e90e9153-e03f-4101-c94d-b5248f6870fe,3aaad658-14e8-4861-52c9-2341f1d4e7da,e536d26c-1212-499f-3401-979cc6978147,2025-08-19T00:46:30.687Z,151,601,82.62,829.71,785,572,60.48,9721,305.83,990,284.89,2025-12-17T18:20:20.116Z
3ef0c888-c2c7-4fd3-5b3e-b3537a7280c6,4b7cf6ad-bee5-43d3-4470-e6643cf6983e,1612581f-ee93-42bd-8ca1-106ca3f5fb8d,2025-06-03T10:38:57.562Z,546,551,61.21,578.76,142,992,25.92,2524,71.63,187,399.84,2025-12-07T16:59:40.487Z
53193474-9b42-4282-b493-c98433535ea8,a9f9f807-e129-4f29-9091-c45f8770da1a,7006fd96-e3f8-4225-33e4-be34d610ffbb,2025-08-26T18:31:25.470Z,142,181,29.36,788.47,998,596,79.91,1671,97.79,244,893.15,2025-08-22T19:16:41.623Z
043e000d-acb8-42d0-fdab-3036d9442bf4,824fd656-898c-4a31-aa57-ef6e1d6c346d,3a19d003-2447-4c77-d435-69866c42a3e8,2025-08-15T22:07:46.250Z,552,42,12.86,353.17,962,401,32.24,7815,364.17,488,807.55,2025-12-19T06:02:06.785Z
5f884115-4c44-4758-c849-bccf1bdae754,0519f110-4080-47f1-0e4d-53c0e3b18659,76fb7096-3d5c-4180-3013-e7a55c8b02bb,2025-09-18T10:01:28.033Z,14,504,46.98,96.31,320,391,95.73,3963,757.66,174,133.95,2025-08-23T10:59:09.516Z
6fca02f0-fa24-4b70-2463-83fa1c8a9874,4f6d2f72-e04a-4494-a2d8-a7c9330625ec,1eca3985-996e-497f-4644-294968d742b8,2025-04-23T00:17:06.239Z,447,528,65.31,236.2,888,697,79.74,6747,891.46,792,385.26,2025-11-30T19:24:05.285Z
bc37a403-ad72-4203-18cb-6de2124ed798,98dc63d7-8988-4ff8-b7ca-2ab8d1f39352,2bd4f3bc-df4b-49c7-997f-c11868da495a,2025-07-05T06:27:55.085Z,151,822,13.12,994.59,981,231,42.09,1301,690.33,551,572.14,2025-06-24T09:16:54.596Z
9fb283c3-866d-4f17-bd7b-5853d514fb63,824fd656-898c-4a31-aa57-ef6e1d6c346d,af7db41b-a69f-4ae5-eb9c-f59fa17dcd26,2026-03-01T11:27:45.371Z,526,45,81.86,942.05,333,293,62.11,506,193.99,495,663.07,2025-07-25T21:45:44.232Z
1c6f7415-e789-4695-b372-7b7eb9ab475d,5354d00b-34f0-4a88-58d4-8decde6ce2ee,615ffcad-04ca-4584-4505-45cbefd50d58,2025-05-26T05:56:50.649Z,72,56,49.22,567.48,580,602,15.35,4999,8.28,613,621.19,2026-03-15T07:32:46.554Z
064c714e-f2b0-484d-f222-6e715205dfc7,7abd7935-415a-4e5c-0200-73c72eee9749,7006fd96-e3f8-4225-33e4-be34d610ffbb,2025-10-26T21:33:57.588Z,873,341,50,175.87,946,771,71.4,1456,338,326,276.64,2025-11-24T00:38:58.620Z
cbff1659-1048-4228-2f33-d22840c7f356,ab6bc2eb-0064-48a7-7f0c-9a1783bcd064,13905047-dc05-4f11-21d1-ceb2ff2a4ead,2026-03-21T17:16:45.057Z,329,172,65.86,367.75,647,979,36.18,8933,191.96,801,639.64,2025-10-24T19:53:34.564Z
ea4c394a-86e8-4213-014b-617774ebff3e,8e053e88-8c6b-4a2d-0248-e26f6841348e,1612581f-ee93-42bd-8ca1-106ca3f5fb8d,2026-04-06T18:48:17.918Z,248,27,39.58,550.06,923,365,84.42,1303,323.75,993,541.8,2025-08-24T02:51:57.846Z
dde6aaa3-9ced-47d5-14d8-da95365b5217,d914d5ce-2aec-454b-3d59-d028d03124f6,94dc4310-c140-4af7-8a5b-88c24ff5a5d3,2025-10-19T17:33:28.055Z,826,948,85.21,149.23,651,25,28.1,6977,854.57,895,565.14,2026-02-06T23:30:39.124Z
7666a068-8411-4e5d-f9ef-379fde702ad2,cd416869-1efc-4398-0a2a-903b79ed2d98,4f68cba7-6170-4ab1-21f9-a7a23a74f8c0,2025-06-24T00:56:26.263Z,20,339,85.36,924.46,87,682,86.87,2574,181.59,949,275.93,2025-05-23T09:00:33.737Z
4fafc768-301f-4e2c-f953-6d39d7bb8e37,e66f5152-bb91-495c-70a1-919b8657aacd,89bd14e2-cf78-45ab-904a-7a7f0f4a4010,2025-07-28T04:03:32.038Z,775,512,39.02,583.9,543,181,6.25,2282,501.42,823,927.86,2025-06-02T04:00:09.663Z
7c494f59-4cc7-47b0-61b7-92fe47dddf06,40dc6875-50a3-4da6-8104-124ea7a529fb,7d85b267-ac94-499b-94c1-eff3632a4d8b,2025-10-03T23:20:42.264Z,392,805,38.43,87.38,828,196,21.4,2014,957.39,986,104.09,2026-01-13T19:55:11.335Z
b67388f8-a29b-4478-5a10-f6b68002b66d,83c0f5a4-11a8-4b1f-5064-e6047d878674,930d6afd-4225-4c87-6245-39cb7a7a0d26,2025-09-17T12:01:52.079Z,79,405,49.94,808.55,666,636,7.21,9796,250,625,491.67,2025-11-12T12:48:01.915Z
0e2225bb-4be4-42f5-3ad5-923ba1eb1bef,857fcefe-5faf-4a3c-df5d-917321d0ed26,2e858920-a13b-46d3-3f94-8050bb03f098,2025-10-24T04:05:39.502Z,320,354,40.17,635.24,225,742,28.93,3556,302.48,738,547.08,2026-01-10T03:58:21.234Z
bf4d47f0-ea87-402d-7c4c-35778e3c343e,19b0ce65-5cea-46af-9685-0855cb090984,820e0d69-1dec-4fa2-7dff-4973e37417e7,2025-11-10T08:20:34.845Z,712,373,92.44,187.24,535,821,71.45,8031,595.12,539,551.85,2026-03-14T04:41:52.796Z
be1d3f6f-1547-4c31-5f40-51587af74f9b,f61f2a14-3a64-4170-c4e0-7f394614ec15,13905047-dc05-4f11-21d1-ceb2ff2a4ead,2025-09-30T20:11:24.251Z,424,364,24.92,288.96,733,149,44.04,1563,577.81,547,13.38,2026-01-01T20:15:40.291Z
38859d84-111e-42c0-6af7-bb46b4c564d6,7abd7935-415a-4e5c-0200-73c72eee9749,f0fe80e2-ee98-4631-fd46-bedaa4937130,2026-01-20T08:18:29.297Z,383,597,17.71,779.24,756,21,60.98,2810,24.37,427,747.48,2025-12-10T13:54:09.425Z
8121f63d-51fd-4210-f71d-41adbaecd208,19b0ce65-5cea-46af-9685-0855cb090984,343e4691-d779-4742-a9b6-c828fbb55b61,2025-11-24T05:36:45.305Z,85,48,20.36,399.15,721,591,94.97,4805,768.58,627,57.41,2026-03-28T06:13:27.496Z
b86538f5-1010-4ad9-f958-0be7742ee7dc,dc5c38cd-11bd-4d48-b540-0659ffe8f55b,545d1106-2b34-4e12-24da-7673253ca1d7,2026-04-08T05:20:04.484Z,823,142,8.99,121.97,290,771,28.03,7821,419.45,550,753.06,2025-05-24T13:25:32.826Z
3f0b899b-1a55-4847-cf38-705d038550d5,9a9475d1-a832-46dc-d803-59feef06073e,fecc715c-91cf-4144-4e6d-27d53565cfa5,2025-12-19T05:32:09.246Z,966,612,15.25,530.39,179,432,78.95,8025,185.48,541,606.74,2025-09-03T05:51:56.362Z
33eb0714-1fa2-4d06-2671-c7da9d2bdd56,a37257b2-9391-4433-6110-687c09f379ec,eb97341d-2385-4175-9a86-c3256608e18e,2025-08-16T16:22:46.095Z,893,444,98.11,290.73,148,983,41.07,6498,129.5,512,569.74,2025-10-31T05:34:12.007Z
95765895-dcf9-4633-89a4-4b5179575a62,40dc6875-50a3-4da6-8104-124ea7a529fb,291d99ad-c85c-4557-8915-25527607d5cf,2025-12-12T10:09:32.911Z,316,517,35.9,167.63,92,73,64.97,9911,601.33,445,292.05,2025-10-20T10:36:21.579Z
8e170488-55de-4ed6-2274-5c042a31da77,f61f2a14-3a64-4170-c4e0-7f394614ec15,2e858920-a13b-46d3-3f94-8050bb03f098,2025-12-15T11:01:33.721Z,428,526,10.9,810.71,563,562,90.33,890,628.82,544,458.09,2025-08-03T05:53:24.168Z
6249ff89-0b0b-47b8-d627-8a8c4c8e12aa,824fd656-898c-4a31-aa57-ef6e1d6c346d,820e0d69-1dec-4fa2-7dff-4973e37417e7,2025-06-05T22:04:10.551Z,647,473,87.94,888.65,240,539,22.31,3057,28,289,207.23,2026-01-30T15:41:30.562Z
d7669f9f-c702-4b96-121c-ad0a0330b927,3f1eb67e-af2a-4430-00e8-036be32a0239,343e4691-d779-4742-a9b6-c828fbb55b61,2025-08-07T13:44:18.976Z,295,914,64.77,131.31,912,623,94.94,4231,422.85,387,866.25,2025-08-23T00:03:44.692Z
d3cce5b8-e984-4dc8-5a67-848a97236d11,a37257b2-9391-4433-6110-687c09f379ec,2bd4f3bc-df4b-49c7-997f-c11868da495a,2026-01-02T08:58:22.901Z,847,200,41.8,956.05,395,485,51.56,6792,513.38,763,621.34,2026-03-20T23:18:01.776Z
38aad92d-b505-4e95-e89d-1c7109ecb0d7,4ca4247e-c61f-4837-bf77-9c36a300d1a6,1612581f-ee93-42bd-8ca1-106ca3f5fb8d,2025-12-18T22:24:44.666Z,603,739,83.65,781.58,622,913,14.13,8286,568.15,189,229.05,2025-09-12T20:02:05.707Z
93180a81-7fa3-472b-c44e-7f9eced4ff40,60bb9abd-ad4f-43fe-d09e-d416a48001a5,7d85b267-ac94-499b-94c1-eff3632a4d8b,2026-01-17T12:17:47.452Z,763,626,12.76,7.74,602,221,86.27,3989,997.57,216,566.56,2026-03-06T08:20:37.644Z
f605bff7-848d-4fac-5225-bb3af2ac0799,44e96aef-1775-4e8c-e285-02e0cadba8e3,af7db41b-a69f-4ae5-eb9c-f59fa17dcd26,2025-11-03T06:38:37.786Z,294,797,96.31,960.6,761,405,99.19,6275,514.97,836,560.2,2025-11-09T06:12:35.751Z
9677d0e1-ed7a-4d4c-d699-82c7ac9baf57,8a50d483-aa92-4384-4deb-3d5c6bf0f0f7,32a1daeb-123e-4dbe-b622-aea59b73722d,2026-02-25T07:57:01.618Z,717,21,78.27,531.4,572,193,59.28,5973,709.48,728,798.79,2026-01-22T06:12:31.420Z
67d1d74f-8774-4f06-7c90-9125fcd3985c,857fcefe-5faf-4a3c-df5d-917321d0ed26,4c81bc97-321d-48c5-d316-8243b2e8187e,2025-07-01T13:47:26.753Z,817,556,15.99,212.04,230,853,67.76,1651,695.71,817,535.62,2025-07-14T20:09:40.517Z
3d74c8fd-ce59-48e5-75c8-5588d990f07d,d914d5ce-2aec-454b-3d59-d028d03124f6,2e842555-494e-4eac-25b2-d2a4430cc9ed,2026-03-27T14:41:17.625Z,157,549,53.28,362.57,141,257,19.17,6126,550.89,185,207.98,2026-03-11T12:45:06.972Z
4e9769da-53f3-4870-c818-fd38cb24753d,c679812d-8719-424c-f810-c17bf20e8d10,24557b57-0c13-4c0c-a3e9-39903a1a94a3,2026-01-24T08:06:38.892Z,90,290,4.91,581.11,196,981,56.22,6989,563.01,706,258.33,2025-07-10T16:41:04.195Z
61872d3f-42d8-4a8e-dae9-7c203bb7efac,0ba497e7-4a6e-4b40-b8d5-7f23952ad2cd,b1160aa4-615e-46be-c33f-53b664f1618f,2025-09-09T05:22:04.821Z,164,892,2.02,341.25,28,243,21.12,5014,2.93,31,382.13,2026-04-02T02:20:37.104Z
9e466332-f8cb-4771-55ef-e2e8b96a6cb3,44e91cce-ea65-438a-461a-9f0cf86acc81,b9a92613-a49f-49ac-02ac-12389b77c55c,2025-07-09T07:54:15.160Z,717,557,96.04,888.05,168,397,70.64,9144,36.16,133,614.24,2025-06-22T17:56:28.761Z
b58f4568-14ae-431f-56d7-5f426f69b4f8,857fcefe-5faf-4a3c-df5d-917321d0ed26,24557b57-0c13-4c0c-a3e9-39903a1a94a3,2025-06-06T12:19:03.299Z,499,841,49.79,106.07,715,168,38,8879,587.44,948,876.36,2025-06-25T05:12:23.568Z
1e88dd25-9f0a-48ff-e9c4-16c31ccab5c4,9a9475d1-a832-46dc-d803-59feef06073e,2e858920-a13b-46d3-3f94-8050bb03f098,2025-04-14T15:01:40.169Z,686,925,10.85,317.71,799,955,54.75,6443,357.91,57,978.06,2025-05-17T10:02:55.043Z
8141a474-c2ab-4b8f-e802-233508fb9855,a9f9f807-e129-4f29-9091-c45f8770da1a,f902ac6e-7076-46f8-2ee0-d0970401682b,2026-02-23T17:47:42.467Z,83,124,33.81,741.99,335,224,36.61,9752,533.46,353,559.35,2025-06-16T16:30:43.484Z
c8c42230-0976-486a-242e-0072e274df5b,9a9475d1-a832-46dc-d803-59feef06073e,930d6afd-4225-4c87-6245-39cb7a7a0d26,2025-11-28T18:39:50.442Z,500,37,30.79,995.99,614,392,56.33,1918,925.22,425,309.08,2025-05-04T03:34:32.854Z
0ec77966-81da-400f-d8c9-67ad48ece640,09e8d1ef-f5f0-41fa-38f3-10bac079d03c,f0fe80e2-ee98-4631-fd46-bedaa4937130,2025-11-15T19:12:57.913Z,49,18,18.52,400.78,86,534,22.4,5801,541.68,259,196.51,2025-12-10T17:41:03.589Z
45f7caed-a91b-46d6-e6fb-2f2214a20063,98dc63d7-8988-4ff8-b7ca-2ab8d1f39352,f902ac6e-7076-46f8-2ee0-d0970401682b,2026-01-11T08:14:47.242Z,574,804,99.63,689.7,606,474,12.9,2387,768.87,698,481.8,2025-05-18T15:18:25.067Z
faaa72fb-a768-4054-5c87-a81acf1ec2f2,e66f5152-bb91-495c-70a1-919b8657aacd,921679af-a07e-442d-b254-00f81e5f665d,2026-04-09T12:37:35.882Z,923,46,81.93,447.08,780,54,23.67,6186,301.6,512,615.98,2025-08-02T02:34:24.793Z
8884f024-ccb5-44c9-c46a-324f8a39af08,44e91cce-ea65-438a-461a-9f0cf86acc81,2d706e75-fd47-4d6b-cc14-10a1bf804d62,2025-11-20T04:27:42.981Z,652,750,81.94,756.92,532,217,61.3,5572,911.87,236,758.5,2025-08-01T22:48:03.521Z
b0c9f63f-cc5a-41b2-f5a4-119a830d317c,43a0c009-5096-4beb-ceb2-2e90d29fa6d1,00e48b05-b6cb-410f-1525-6668c44bdb40,2025-11-30T00:59:14.499Z,757,505,48.84,46.94,845,358,84.53,1367,390.21,272,988.27,2025-08-05T19:18:40.677Z
33f548cc-15a7-4d49-d23f-a10c2dadf62e,974aa30d-547e-4e21-86d6-1f3c34623f7f,59faa8f0-e266-467f-aa62-7fd97008cad7,2025-05-18T15:26:57.238Z,588,43,23.54,537.54,644,272,19.08,6112,816.4,908,583.59,2025-06-21T23:42:06.388Z
c58e2dcc-f8de-451f-809b-affaacc91d52,26241fc8-1326-4f27-2a84-eb284a0bd4ba,219980cb-3f77-4414-faeb-5f70b1472a36,2025-07-23T15:41:06.105Z,89,317,89.53,242.39,850,637,85,7480,388.98,753,556.91,2025-12-21T18:03:28.623Z
1833908e-792d-4702-e275-dc372f91fe0c,49c0f8d8-fcc1-4c41-a548-3ff914a66692,7e8192d3-756a-4974-209e-dc1ea1cca26e,2025-07-07T04:42:16.396Z,478,881,19.2,53.4,153,795,44.42,5561,205.3,802,725.11,2025-12-01T09:50:54.594Z
89d460c4-6791-4c01-9274-01e5e2fdc5e4,8a50d483-aa92-4384-4deb-3d5c6bf0f0f7,e536d26c-1212-499f-3401-979cc6978147,2025-05-14T16:20:14.427Z,275,240,16.05,844.77,744,96,19.45,344,248.64,306,308.09,2025-07-01T14:00:50.751Z
82b9029f-73cd-4292-59af-c3358d3550d4,942582d6-df90-465e-0a7c-344463dcc5fc,3f4d6f7d-05f7-4310-de9f-ae93e46984db,2026-01-25T04:45:50.480Z,11,973,28.76,109.1,59,862,21.14,1561,997.96,950,243.25,2025-10-30T07:27:29.419Z
6c273786-dbd3-42d8-08bd-da529f98831c,b913d05c-d452-4b8d-58bc-5af42ecc92ad,c8bf5171-97bd-4a3c-df89-c4059e1474e2,2026-02-05T03:24:08.855Z,257,390,20.52,527.64,923,483,75.91,7669,794.35,779,132.09,2025-08-22T09:21:39.488Z
ecc182e3-552b-4915-9536-3b2c84fdd8d7,2d6bfb42-752b-4b9d-3444-de223d3aae60,e536d26c-1212-499f-3401-979cc6978147,2025-12-11T08:57:50.833Z,941,55,2.58,634.86,672,273,96.6,1315,41.28,342,391.49,2025-11-04T12:42:53.966Z
14384db5-e6f4-450d-7cd5-ced66b984d09,cd416869-1efc-4398-0a2a-903b79ed2d98,e394ca10-b5a0-45cc-8730-3524aff8641a,2026-01-01T20:27:28.705Z,285,122,89.85,76.02,663,647,87.14,8152,505.68,250,839.46,2026-04-04T22:40:56.516Z
dde4e9d0-c456-4b2c-c98e-74dd8d627e83,8a50d483-aa92-4384-4deb-3d5c6bf0f0f7,eb97341d-2385-4175-9a86-c3256608e18e,2025-07-18T18:06:50.252Z,990,748,31.76,192.95,430,246,68.94,2330,98.75,616,683.41,2025-08-06T11:29:04.055Z
10b949fd-3b8a-4ced-992e-ede2a1f16a2d,74996144-2438-4454-03fb-d777b4c9db8b,f0fe80e2-ee98-4631-fd46-bedaa4937130,2026-02-09T11:56:28.360Z,495,93,36.1,74.62,727,198,30.15,2822,412.05,606,352.38,2025-11-16T17:49:05.550Z
59f8de49-e5c5-44ef-cad1-50ae5f574cad,e66f5152-bb91-495c-70a1-919b8657aacd,2e842555-494e-4eac-25b2-d2a4430cc9ed,2026-01-06T00:11:14.929Z,541,403,63.2,33.37,791,769,31.16,4092,529.56,990,282.53,2025-10-16T00:44:54.582Z
f9dcb79a-7af5-4c51-8181-c91669857137,73e655b7-927f-4010-5d38-ed87d5958465,1c4d8e9f-05af-4567-fc15-60738335dd73,2025-04-25T16:01:10.972Z,728,872,96.58,154.94,51,787,76.89,7405,357.89,350,708.35,2025-05-18T13:32:54.804Z
021a5d5e-fa13-4f44-b016-b8867215c79c,9a9475d1-a832-46dc-d803-59feef06073e,b9a92613-a49f-49ac-02ac-12389b77c55c,2025-10-09T04:11:35.818Z,844,319,65.49,907.24,895,48,55.43,9458,907.18,625,718.39,2025-10-14T03:10:59.311Z
73725246-b3fa-4f71-fda2-dd57e0301bb8,49c0f8d8-fcc1-4c41-a548-3ff914a66692,7006fd96-e3f8-4225-33e4-be34d610ffbb,2025-08-28T23:18:29.120Z,85,856,32.82,6.16,82,165,43.28,2546,364.54,1000,201.05,2025-08-16T18:31:57.328Z
6fb7f90c-386f-4646-a6d9-d12d4fa1641f,4f78a299-95cc-4ebc-45f5-de09ee40e0da,3a19d003-2447-4c77-d435-69866c42a3e8,2025-07-20T03:50:08.894Z,553,408,55.43,270.73,350,774,37.77,2758,899.61,577,198.03,2025-05-19T10:47:08.549Z
92399eef-fcfc-4498-bce3-080549894700,26241fc8-1326-4f27-2a84-eb284a0bd4ba,32a1daeb-123e-4dbe-b622-aea59b73722d,2025-04-14T00:52:01.633Z,160,133,42.37,545.87,619,78,90.17,7223,737.71,477,465.86,2025-05-05T13:17:20.597Z
fb7b51f7-6f1c-454a-4b83-74e6f831cd81,63b3d997-8d4b-4027-f32c-5ba74efdff76,7e8192d3-756a-4974-209e-dc1ea1cca26e,2025-12-12T19:40:13.813Z,672,191,3.36,622.62,578,935,7.62,6069,111.48,205,739.01,2025-05-15T08:49:31.565Z
88dcc01b-bea5-4183-fab4-c2bfd648eb70,74996144-2438-4454-03fb-d777b4c9db8b,2d706e75-fd47-4d6b-cc14-10a1bf804d62,2025-06-18T12:33:20.780Z,588,825,69.36,585.93,101,142,72.51,8244,352.92,664,357.58,2025-04-17T08:16:03.975Z
b3cf7f9c-12bf-459d-3229-68155ece6335,c679812d-8719-424c-f810-c17bf20e8d10,3a19d003-2447-4c77-d435-69866c42a3e8,2026-01-02T12:42:00.479Z,202,465,32.12,479.03,164,145,25.67,5754,681.25,658,106.63,2026-01-09T01:40:00.544Z
1041c8b6-b279-456b-3adb-6b6c09570e8b,44e91cce-ea65-438a-461a-9f0cf86acc81,2bd4f3bc-df4b-49c7-997f-c11868da495a,2025-08-30T21:17:56.107Z,784,326,8.06,325.47,157,323,65.98,4918,430.53,970,656.43,2025-12-16T12:17:57.074Z
5662f958-2f65-49de-e55c-e857e637770b,cfed3b67-1de3-46ea-e76f-c89d08ec289a,f3e56a9d-701d-4138-17b4-468168466ac1,2025-12-14T14:08:49.958Z,262,616,88.21,312.19,820,154,87.62,3940,914.21,326,645.74,2026-03-19T06:44:36.397Z
a6e7c716-5361-4325-2ab2-7a792a401e98,5cca90e9-35ef-4b60-da97-176e79a801fd,b017f20d-2b75-45dd-64d2-722f145a78d0,2025-07-01T14:17:25.487Z,138,396,10.96,290.5,665,311,42.64,6612,704.76,387,773.93,2026-03-27T05:37:00.068Z
e590a10d-a35d-45a7-f46c-6a55db25e9cf,49c0f8d8-fcc1-4c41-a548-3ff914a66692,930d6afd-4225-4c87-6245-39cb7a7a0d26,2026-03-22T13:36:36.877Z,73,221,78.67,281.01,794,59,81.34,9247,483.57,534,499.25,2026-04-05T05:35:32.274Z
4f5e0aec-1f93-42ad-0ec1-3edf857615e2,40dc6875-50a3-4da6-8104-124ea7a529fb,24557b57-0c13-4c0c-a3e9-39903a1a94a3,2025-08-27T10:03:31.837Z,810,806,38.48,81.96,944,199,28.7,1976,261,222,253.22,2025-06-30T02:37:40.594Z
cbfbba4e-bced-4381-1e06-a04a54248116,83c0f5a4-11a8-4b1f-5064-e6047d878674,314cdd92-266e-488d-cf88-6e18f6db8ca6,2026-01-24T21:21:29.411Z,758,120,94.88,219.04,459,761,32.81,9795,708.96,500,945.31,2025-07-25T04:02:16.803Z
7ca7c24f-72ac-4f0e-9471-155615639fa4,c679812d-8719-424c-f810-c17bf20e8d10,13f8f388-7de1-4383-f922-a0d8a397e76c,2025-09-04T18:37:58.973Z,623,288,91.5,798.81,814,198,86.76,8379,857.97,490,291.75,2025-12-26T05:02:50.740Z
7bbbcb98-8509-4f56-6008-62b05d676946,e66f5152-bb91-495c-70a1-919b8657aacd,aed83b90-feeb-480d-e57c-176768104c81,2025-05-06T14:50:56.406Z,294,500,86.06,767.06,744,4,6.01,6704,393.95,444,968.97,2026-01-09T13:05:10.009Z
17706846-158c-468e-6dbb-bf9c0fa52baa,36fa19ad-37fd-44f9-4a36-73f18ecfe5f4,469af544-bb26-4d4c-4b28-ab15c4812991,2025-09-18T20:52:58.068Z,322,166,11.45,178.99,980,970,24.17,1090,414.03,101,409.05,2025-11-22T12:34:35.875Z
3c67a4b7-7bce-4a9e-dbfc-b00159409f24,5354d00b-34f0-4a88-58d4-8decde6ce2ee,13905047-dc05-4f11-21d1-ceb2ff2a4ead,2025-11-17T18:51:15.748Z,613,862,73.38,910.97,374,715,27.39,6771,563.47,365,262.8,2026-02-14T15:40:59.618Z
eca30f8e-5057-4ba6-89fc-c747bb4e26b9,36fa19ad-37fd-44f9-4a36-73f18ecfe5f4,2d706e75-fd47-4d6b-cc14-10a1bf804d62,2026-02-06T10:19:55.902Z,862,515,66.49,328.82,614,430,0.86,6398,954.16,680,606.72,2025-10-28T20:40:52.423Z
2b78191d-c112-4565-b5b7-a5817e9da208,cd807608-c28a-4e54-37b1-20305ffdcd5c,615ffcad-04ca-4584-4505-45cbefd50d58,2025-06-13T14:40:08.420Z,659,10,7.09,661.36,385,449,23.7,714,875.48,268,709.68,2025-06-12T04:43:56.971Z
c1f2c827-d016-4b8b-a14e-de44708eac72,4b7cf6ad-bee5-43d3-4470-e6643cf6983e,930d6afd-4225-4c87-6245-39cb7a7a0d26,2026-01-30T07:29:09.513Z,653,150,73.53,849.54,339,899,89.16,6684,520.77,196,159.76,2025-12-18T17:07:35.928Z
c83213bd-3bcc-48f0-9d64-7b900616f5aa,60bb9abd-ad4f-43fe-d09e-d416a48001a5,aed83b90-feeb-480d-e57c-176768104c81,2025-05-01T09:50:21.413Z,28,718,18.65,959.63,576,185,74.41,9976,426.79,254,649.72,2025-08-26T23:35:46.848Z
74ccf194-f353-46e9-a814-1c55d17016fb,4459d0bc-ac12-45e0-2241-37b73184e150,7e8192d3-756a-4974-209e-dc1ea1cca26e,2025-07-03T03:05:40.855Z,197,763,48.73,478.83,516,231,37.57,5196,815.78,290,912.71,2025-09-17T16:58:45.676Z
e4f60bcf-3fb4-46f5-4f38-2416b4fe76bf,44e96aef-1775-4e8c-e285-02e0cadba8e3,1612581f-ee93-42bd-8ca1-106ca3f5fb8d,2026-02-21T10:33:06.782Z,257,58,12.35,737.14,218,66,30.83,5590,913.34,627,326.33,2026-02-25T21:49:09.521Z
2dc6bfd6-8bcf-4ce4-75de-7dea48903b91,2de16969-104d-43a0-bfd9-fe690d9d6eac,f56bd850-ae1d-4c12-1f67-ecd289df1620,2025-10-31T06:39:57.121Z,234,608,18.61,699.04,929,297,93.7,14,368.02,589,260.52,2025-08-29T04:45:30.263Z
409e7159-ff90-4ed9-b117-0dd52fb7fd14,2de16969-104d-43a0-bfd9-fe690d9d6eac,521d1584-627e-495f-893e-82a12f5344be,2025-11-08T06:08:53.203Z,971,149,8.25,429.39,324,252,99.14,1054,386.76,992,154.19,2025-09-19T21:37:23.245Z
99893064-c5fe-4bbb-9712-c5472abd6d8b,98dc63d7-8988-4ff8-b7ca-2ab8d1f39352,0898bc8a-8083-4b0c-faf9-0f5d0224e73e,2025-05-03T15:19:01.301Z,641,992,63.95,115.12,692,36,67.54,4249,583.11,673,307.51,2025-11-03T05:16:18.118Z
ae2330a4-e739-440a-6bfc-362af351ed71,152072c0-f075-4a77-bebe-aaa40d5c36c5,b017f20d-2b75-45dd-64d2-722f145a78d0,2025-06-20T16:36:10.580Z,324,948,30.39,602.26,108,749,0.6,7713,213.63,125,936.2,2025-06-11T15:58:09.774Z
442b873d-4c5a-48ee-6b64-5dad338717b2,8a50d483-aa92-4384-4deb-3d5c6bf0f0f7,b1160aa4-615e-46be-c33f-53b664f1618f,2026-02-13T16:57:30.645Z,125,12,91.6,913.82,983,807,74.64,9673,700.43,766,23.37,2025-07-10T12:17:44.168Z
594d77f3-21a5-4d19-dc04-ca5fce5c6831,4f6d2f72-e04a-4494-a2d8-a7c9330625ec,921679af-a07e-442d-b254-00f81e5f665d,2026-02-03T12:21:58.189Z,939,236,8.63,849.59,651,317,96.21,7745,651.24,992,880.52,2026-01-06T05:21:48.899Z
9cda6a8a-7f26-46b4-6997-635d61615eb3,6ca9565d-394f-4984-5af6-b337411ec843,f0fe80e2-ee98-4631-fd46-bedaa4937130,2025-07-12T17:08:32.314Z,680,1000,17.19,947.27,640,179,40.12,6389,290.91,744,717.37,2026-02-08T04:52:48.803Z
34cd6159-b9f9-4169-184b-727efa84ac79,40dc6875-50a3-4da6-8104-124ea7a529fb,314cdd92-266e-488d-cf88-6e18f6db8ca6,2025-06-20T04:15:10.521Z,104,776,74.92,335.36,322,652,38.33,1949,19.55,674,344.21,2026-01-10T01:09:32.462Z
47c8dc79-2cff-4adf-fe4e-46b48afc06f1,08c9d53b-5bb4-4a4e-3e69-2fcd9679e99e,f902ac6e-7076-46f8-2ee0-d0970401682b,2025-10-14T21:05:54.055Z,341,616,14.88,432.98,281,798,47.62,6249,99.23,844,92.24,2025-12-24T13:36:03.538Z
b7f98c00-fc04-45b6-67ef-cd677e3c8bad,49c0f8d8-fcc1-4c41-a548-3ff914a66692,fe4720c1-f369-4760-b122-6b324f08f3a3,2025-09-25T17:50:50.278Z,784,243,79.78,841.42,388,459,68.91,8606,719.82,720,924.5,2025-04-28T15:26:49.985Z
4f25d0c6-b2bb-4287-ee90-6b69944a45f5,ab6bc2eb-0064-48a7-7f0c-9a1783bcd064,921679af-a07e-442d-b254-00f81e5f665d,2026-01-14T14:14:30.669Z,607,531,52.34,449.95,696,687,76.94,5417,389.66,508,107.43,2025-12-05T10:47:00.906Z
ae5c88b7-0f5b-494e-8998-9c0e8e42e4b1,a37257b2-9391-4433-6110-687c09f379ec,f56bd850-ae1d-4c12-1f67-ecd289df1620,2025-07-29T14:33:49.501Z,47,492,15.09,318.43,7,195,80.97,6170,314.83,219,922.02,2025-07-15T09:18:40.562Z
b18e6324-aaef-43d0-8ac9-afc03c460b4b,5354d00b-34f0-4a88-58d4-8decde6ce2ee,f902ac6e-7076-46f8-2ee0-d0970401682b,2026-04-06T02:45:16.171Z,261,157,4.65,631.16,544,790,16.89,9553,230.25,544,560.34,2026-03-30T01:08:59.199Z
d37f20d6-e725-47ef-9329-584bc9a27eff,f61f2a14-3a64-4170-c4e0-7f394614ec15,16c0f045-ad9e-4d23-8922-374a2534b914,2026-03-08T10:16:10.030Z,930,819,90.32,320.94,434,561,93.91,9376,435.7,521,764.47,2025-07-19T05:59:38.717Z
c683ab8b-cfe8-4af8-d314-aa32c17a27f5,b913d05c-d452-4b8d-58bc-5af42ecc92ad,b1160aa4-615e-46be-c33f-53b664f1618f,2025-08-10T03:16:31.245Z,657,889,36.04,135.99,771,787,55.59,5444,704.89,218,924.53,2025-06-20T02:07:45.437Z
eeaab497-9d1d-43f5-99f9-90d59cec1cb1,857fcefe-5faf-4a3c-df5d-917321d0ed26,5b1b6bbb-ac85-477d-9a11-d480281a4b21,2025-12-18T01:22:48.740Z,231,285,64.49,948.97,403,956,21.74,6402,74.99,21,156.91,2025-06-24T00:44:07.407Z
3808f5c6-dbe6-483c-b631-8c14173361ed,43a0c009-5096-4beb-ceb2-2e90d29fa6d1,4fab3abf-dd8f-4d4b-ef39-52d4314418ca,2025-10-10T18:24:34.376Z,833,922,83.98,371.16,785,56,4.78,869,557.72,144,235.05,2025-07-07T13:27:19.457Z
00df48cc-8427-42c5-9b0b-4768860a3062,cd807608-c28a-4e54-37b1-20305ffdcd5c,c0b731c7-72d6-4cbc-7d82-0603fe27478a,2025-07-22T18:54:56.982Z,627,888,89.83,550.21,472,184,90.46,700,233.51,335,752.45,2025-08-12T12:43:43.139Z
3d282b90-4ddc-432e-4c05-9ef1b36e1c8d,8e053e88-8c6b-4a2d-0248-e26f6841348e,f3e56a9d-701d-4138-17b4-468168466ac1,2026-03-30T15:10:46.252Z,404,791,59.94,699.95,51,386,89.54,2325,715.77,591,888.14,2025-10-22T09:35:47.463Z
2f7c2b92-072d-4eb5-f79d-21421355ad6e,40dc6875-50a3-4da6-8104-124ea7a529fb,f0fe80e2-ee98-4631-fd46-bedaa4937130,2026-03-06T11:15:02.663Z,706,475,8.97,243.93,925,963,79.7,117,799.01,467,819.42,2025-07-09T00:21:04.793Z
11999230-19e1-4504-c7a4-410e74ecebb0,857fcefe-5faf-4a3c-df5d-917321d0ed26,2e842555-494e-4eac-25b2-d2a4430cc9ed,2025-08-14T16:16:39.404Z,995,890,0.79,29.23,108,453,54.48,535,307.69,812,426.84,2025-09-27T11:22:14.605Z
5032214e-c852-4b95-397e-1c112f470eea,19b0ce65-5cea-46af-9685-0855cb090984,0898bc8a-8083-4b0c-faf9-0f5d0224e73e,2025-04-21T14:38:41.968Z,467,371,30.01,227.6,325,354,77.61,2291,456.72,336,673.82,2026-02-07T21:32:29.026Z
4a6deb55-69e6-4293-9b40-2faa838c33ad,974aa30d-547e-4e21-86d6-1f3c34623f7f,13905047-dc05-4f11-21d1-ceb2ff2a4ead,2025-07-20T15:30:22.059Z,19,941,31.09,128.59,686,890,70.2,543,685.41,709,768.08,2025-09-07T18:05:41.362Z
0176ea9a-83d3-472c-0e83-60b7746ceb51,b913d05c-d452-4b8d-58bc-5af42ecc92ad,3d03d7a9-93e0-4b8e-6b5b-e7f8337fab48,2025-12-29T21:49:18.806Z,343,855,20.35,77.51,199,902,91.22,6022,408.46,864,196.26,2026-02-26T00:00:02.816Z
8eefe97e-f46c-4ee4-4774-bf55139e576b,ef30f378-ae06-4200-e466-b63a46dd4365,8fcce2e7-79c7-439d-1c00-1a62a46a56f2,2026-02-03T21:36:02.558Z,843,664,27.46,33.3,818,822,8.66,2236,812.31,601,789.43,2026-02-22T17:08:04.702Z
62ec6c0e-73c2-4c0f-7270-6adc701e122b,cd416869-1efc-4398-0a2a-903b79ed2d98,10539e4e-19ad-49ff-5fb1-13c6a13a9cc0,2026-03-09T16:27:32.797Z,648,378,83.99,214.66,822,718,68.18,5485,966.6,713,573.56,2025-05-11T16:53:19.728Z
c6d8133c-c24c-48c7-b3f5-92b395a269a3,5ad3d718-54d7-4cd2-1fcf-87aea33287e9,fe4720c1-f369-4760-b122-6b324f08f3a3,2025-08-16T20:26:08.931Z,256,606,9.06,464.72,620,145,59.01,4500,751.93,491,291.37,2026-01-07T12:30:47.248Z
2d969371-2fe8-4955-e619-9f5bf345f849,2d6bfb42-752b-4b9d-3444-de223d3aae60,b017f20d-2b75-45dd-64d2-722f145a78d0,2025-11-08T01:31:07.035Z,152,56,56.2,657.41,108,220,43.39,4519,847.53,720,284,2025-07-22T03:32:47.626Z
0c39bde8-1dcc-473e-8373-06427cfefc5b,4ca4247e-c61f-4837-bf77-9c36a300d1a6,615ffcad-04ca-4584-4505-45cbefd50d58,2025-04-19T15:50:00.956Z,873,796,14.86,602.53,361,975,59.13,6874,521.75,533,146.13,2025-05-05T22:30:08.223Z
6c6cf2e8-a1ad-486b-4637-c3e0398de8a7,98dc63d7-8988-4ff8-b7ca-2ab8d1f39352,b017f20d-2b75-45dd-64d2-722f145a78d0,2025-08-25T03:10:51.053Z,730,162,5.52,281.55,22,836,62.91,9155,336.77,175,907.55,2026-02-27T09:58:42.231Z
62066278-c1bb-48b2-e067-2660b35fffc1,974aa30d-547e-4e21-86d6-1f3c34623f7f,314cdd92-266e-488d-cf88-6e18f6db8ca6,2026-03-27T19:04:41.027Z,227,39,35.27,54.45,470,788,97.1,2580,283.36,746,763.12,2025-12-24T02:19:57.358Z
f38b6ebf-27b7-4312-3584-150f93b911e1,2d6bfb42-752b-4b9d-3444-de223d3aae60,fe4720c1-f369-4760-b122-6b324f08f3a3,2026-03-19T18:47:42.653Z,313,198,33.44,859.03,162,49,96.08,8841,14.41,226,106.54,2025-06-10T14:41:19.558Z
1d9ccd2f-ec19-4c6e-d70d-b4ad885f422a,4335fda9-afa6-493e-0026-1aa0263939a5,521d1584-627e-495f-893e-82a12f5344be,2025-08-01T10:55:19.939Z,757,311,38.86,109.36,769,960,30.9,2867,264.46,738,8.15,2025-08-01T17:18:33.910Z
4926a86f-36d3-47f1-1125-11c7509d0049,60bb9abd-ad4f-43fe-d09e-d416a48001a5,fe4720c1-f369-4760-b122-6b324f08f3a3,2025-10-08T11:24:10.613Z,734,630,85.04,349.29,791,623,48.6,7777,196.08,25,152.11,2025-05-05T21:00:52.780Z
42694bfd-51ac-4c88-2a86-9a2f9a0fffbd,4ca4247e-c61f-4837-bf77-9c36a300d1a6,e112e16e-d7d4-47de-a1f6-038db1f702ae,2026-04-07T23:44:32.827Z,673,940,65.8,966.23,201,89,74.79,3330,812.73,342,243.92,2025-10-09T13:31:05.439Z
2186a9a5-4fd9-4600-bf96-2a5a1699870a,60bb9abd-ad4f-43fe-d09e-d416a48001a5,3a19d003-2447-4c77-d435-69866c42a3e8,2025-06-26T03:22:45.938Z,264,214,80.15,362.16,5,496,56.49,4875,814.34,949,653.66,2025-08-06T04:35:49.532Z
8e2c57a5-8846-4490-1720-0edc96ee37a8,ef30f378-ae06-4200-e466-b63a46dd4365,1c4d8e9f-05af-4567-fc15-60738335dd73,2025-09-08T19:02:26.120Z,340,497,7.15,204.61,877,372,89.85,592,243.67,899,928.69,2025-09-13T21:12:33.265Z
e4000f0f-bdfb-41b1-df95-7b8fee8b3302,d914d5ce-2aec-454b-3d59-d028d03124f6,521d1584-627e-495f-893e-82a12f5344be,2025-08-09T07:53:43.840Z,266,600,68.81,276.64,614,547,11.03,2579,245.14,661,330.46,2025-06-26T12:32:22.521Z
033e4786-e768-452f-12fe-6644e2759d38,98dc63d7-8988-4ff8-b7ca-2ab8d1f39352,c0b731c7-72d6-4cbc-7d82-0603fe27478a,2025-12-14T00:26:56.934Z,482,195,10.2,6.18,40,23,97.33,6476,877.44,851,42.82,2026-04-09T05:45:30.687Z
e5983709-4a8c-455d-8176-00d5dade1e9c,09e8d1ef-f5f0-41fa-38f3-10bac079d03c,615ffcad-04ca-4584-4505-45cbefd50d58,2026-02-07T17:28:35.598Z,738,438,66.99,976.69,399,586,75.77,9636,819.94,84,362.46,2025-07-30T07:03:31.967Z
28ae0203-d8de-497a-1d53-17af709c451c,31e6dcd8-7b5b-4c54-b419-66da1259c0d7,3a19d003-2447-4c77-d435-69866c42a3e8,2026-01-29T03:12:08.277Z,240,422,24.62,649.38,50,126,90.43,2969,478.61,222,876.23,2025-09-13T15:11:21.551Z
37e283b5-4e9e-4255-dfac-075ea801169d,4ca4247e-c61f-4837-bf77-9c36a300d1a6,3d03d7a9-93e0-4b8e-6b5b-e7f8337fab48,2025-05-26T06:18:43.308Z,503,642,0.73,561.53,227,839,94.83,8620,494.77,301,740.43,2025-10-07T18:56:52.109Z
723928ae-b816-439d-df8a-721bda36bad4,1458a564-2503-4c4e-98fd-ff8eee30f920,f0fe80e2-ee98-4631-fd46-bedaa4937130,2025-11-07T11:58:50.254Z,832,714,0.16,636.48,635,327,97.47,2491,795.14,977,747.54,2025-05-17T18:35:43.491Z
06be828a-4671-4668-3497-9302c53ab4e7,25984c0e-a7ff-4156-822e-ec2fb55f198a,3a19d003-2447-4c77-d435-69866c42a3e8,2026-02-15T18:59:24.247Z,291,478,65.3,774.6,109,362,26.45,2339,225.46,154,483.61,2025-10-12T23:06:17.728Z
45bb251c-c09d-4210-080d-3b89f49d859e,44e91cce-ea65-438a-461a-9f0cf86acc81,f0fe80e2-ee98-4631-fd46-bedaa4937130,2025-08-10T07:59:23.519Z,393,899,58.34,302.08,747,725,81.35,4027,768.66,91,971.82,2025-08-23T23:24:06.217Z
d4f6126e-a9d7-4f80-7aa7-795a0adb7d21,6fd51bd1-cbdc-4c3a-0686-e52d7fe6061c,837a9baf-7fed-4fe4-630e-eeaf60164bcb,2026-03-31T21:02:01.411Z,363,779,40.44,338.73,365,362,14.65,5487,27.56,880,752.3,2025-10-29T05:28:26.274Z
6a2d215b-773d-462d-5fcd-fa17869f50ef,8a50d483-aa92-4384-4deb-3d5c6bf0f0f7,10539e4e-19ad-49ff-5fb1-13c6a13a9cc0,2025-04-25T15:16:15.065Z,352,776,73.8,361.94,97,292,69.13,6190,621.44,445,169.13,2025-08-30T01:10:46.948Z
d32df7c7-45df-4d83-f604-33a9e901c7fe,6fd51bd1-cbdc-4c3a-0686-e52d7fe6061c,aed83b90-feeb-480d-e57c-176768104c81,2025-06-16T12:20:06.731Z,322,252,38.37,845.42,113,920,4.92,8194,404.32,538,566.82,2026-02-24T07:07:05.615Z
a0e469e5-7530-4788-ef1c-9cb2c8a42cf7,3f1eb67e-af2a-4430-00e8-036be32a0239,3f4d6f7d-05f7-4310-de9f-ae93e46984db,2025-08-15T07:01:12.866Z,944,238,16.32,184.86,190,85,13.55,3273,231.99,840,482.7,2025-05-03T13:36:29.057Z
c91ff5ca-faef-4cd7-771a-891fb30c4085,ab6bc2eb-0064-48a7-7f0c-9a1783bcd064,b1160aa4-615e-46be-c33f-53b664f1618f,2026-03-01T17:53:29.243Z,907,914,78.07,734.83,807,277,50.41,2302,48.39,911,393.96,2025-08-25T22:04:51.172Z
76f9888d-d855-4b18-04ba-34dd62acdf70,5bcd0cf0-44a3-4e73-1c78-3d3c73e703b3,24557b57-0c13-4c0c-a3e9-39903a1a94a3,2025-11-26T15:28:39.149Z,545,90,61.8,426.97,554,374,17.1,3850,355.83,427,318.33,2025-07-16T08:50:44.268Z
3c5ed415-76a0-406c-1282-9830edf62b9e,dc5c38cd-11bd-4d48-b540-0659ffe8f55b,1c4d8e9f-05af-4567-fc15-60738335dd73,2025-11-02T15:31:22.122Z,521,968,2.01,658.23,856,148,54.76,8602,708.99,86,253.41,2026-03-12T17:31:13.485Z
23aab5e9-b191-4620-65cc-7cac355a337d,19b0ce65-5cea-46af-9685-0855cb090984,94519cc1-bdc7-4549-769e-8964efcea7c6,2025-06-18T10:05:57.091Z,120,769,98.2,105.93,878,254,62.3,3166,773.29,693,655.6,2025-05-23T04:56:06.060Z
2ae4c741-8684-46fe-ea82-1910c382d990,857fcefe-5faf-4a3c-df5d-917321d0ed26,fe4720c1-f369-4760-b122-6b324f08f3a3,2025-12-29T21:44:36.697Z,234,791,84.55,349.41,434,239,15.81,3435,561.45,373,462.25,2025-05-12T10:15:56.059Z
db78d3a1-bb3b-4ee5-2387-6f07ed882260,60bb9abd-ad4f-43fe-d09e-d416a48001a5,921679af-a07e-442d-b254-00f81e5f665d,2025-07-30T02:59:45.781Z,206,814,10.13,288.2,786,287,18.92,5817,836.26,358,313.73,2025-12-08T13:59:25.749Z
afea3641-5100-4161-e86e-e2a3e3aa5f1c,4f6d2f72-e04a-4494-a2d8-a7c9330625ec,661bcb95-f84e-4871-e1c4-675bf8171439,2026-03-22T06:39:07.553Z,187,159,3.67,413.32,971,407,24.29,6004,69.44,493,325.77,2026-02-02T00:44:45.249Z
427ec0a4-1274-44a5-86c4-8b08b392af74,d914d5ce-2aec-454b-3d59-d028d03124f6,89bd14e2-cf78-45ab-904a-7a7f0f4a4010,2025-07-16T02:16:52.095Z,404,433,58.28,202,766,15,37.41,634,886.12,38,423.35,2025-10-08T14:36:43.356Z
5c6025ea-f0fd-4354-5261-26403a964145,7e33c19d-304d-44cf-6308-c84646b5b9b6,32a1daeb-123e-4dbe-b622-aea59b73722d,2025-06-10T15:12:31.861Z,837,85,4.28,313.02,248,840,42.69,6994,215.68,581,128.4,2025-04-27T23:16:11.019Z
3ea6ba02-0862-4651-f5d2-6b031777b158,31e6dcd8-7b5b-4c54-b419-66da1259c0d7,94519cc1-bdc7-4549-769e-8964efcea7c6,2025-08-09T12:21:29.079Z,517,590,67.85,303.28,964,582,9.06,6705,244.74,494,995.43,2025-05-19T01:55:33.429Z
30015af3-84c8-4b1b-ec6f-5a95810f8a1c,73e655b7-927f-4010-5d38-ed87d5958465,8fcce2e7-79c7-439d-1c00-1a62a46a56f2,2026-03-16T06:56:40.207Z,563,978,37.21,368.73,426,785,18.6,8696,144.42,388,572.81,2025-07-07T08:46:21.106Z
e0618c05-9809-4684-8f94-53cd50e2a96c,4ca4247e-c61f-4837-bf77-9c36a300d1a6,b1160aa4-615e-46be-c33f-53b664f1618f,2025-12-18T00:43:29.863Z,619,255,43.27,476.03,884,814,31.84,5611,966.92,804,709.99,2025-10-28T02:57:32.776Z
c5820d6f-c546-4d63-224f-576079fb0827,7abd7935-415a-4e5c-0200-73c72eee9749,73370ee3-24e1-494c-b530-e79710873eeb,2025-06-07T08:23:00.459Z,691,72,70.36,248.76,345,734,20.4,4127,49.6,160,479.21,2026-02-02T23:57:53.736Z
ed48cd5d-8f20-4a14-efc8-0408e70c2b37,a37257b2-9391-4433-6110-687c09f379ec,16c0f045-ad9e-4d23-8922-374a2534b914,2026-01-30T21:59:44.587Z,77,553,80.55,828.43,312,569,90.83,861,54.33,11,114.68,2026-01-14T15:26:01.908Z
aa07fc01-fea2-4daa-5ccb-dd0c4bbf9e3d,5ad3d718-54d7-4cd2-1fcf-87aea33287e9,1c4d8e9f-05af-4567-fc15-60738335dd73,2026-01-16T11:10:00.696Z,200,885,74.03,458.26,673,121,84.93,8253,212.03,633,315.25,2025-07-16T14:18:12.706Z
1556b09b-888f-4111-9cc7-48dc9fdd5599,8a50d483-aa92-4384-4deb-3d5c6bf0f0f7,16c0f045-ad9e-4d23-8922-374a2534b914,2025-05-27T20:01:38.831Z,938,547,71.08,569.59,902,199,14.59,4538,223.76,170,479.57,2026-02-23T11:32:05.076Z
