id,created_at,updated_at,school_id,sis_student_id,first_name,last_name,display_name,grade_level,date_of_birth,gender,ethnicity,has_iep,has_504_plan,is_english_learner,is_gifted,is_free_reduced_lunch,homeroom_teacher,counselor,attendance_rate,days_present,days_absent,is_chronically_absent,proficiency_level,growth_percentile,risk_level,risk_score,risk_factors,reading_scores,math_scores,purpose_driven_metrics,is_active,enrolled_at,withdrawn_at,metadata
1458a564-2503-4c4e-98fd-ff8eee30f920,2025-05-24T02:17:41.131Z,2026-02-17T02:56:35.007Z,00e48b05-b6cb-410f-1525-6668c44bdb40,sample_text_4593,REDACTED,REDACTED,sample_text_7285,790,1990-01-01,Male,Black/African American,true,false,true,true,false,Mr. Williams,Ms. Rivera,76.01,34,811,false,249.2,942,on_track,567.92,[],sample_text_9902,sample_text_5414,sample_text_7374,true,2025-04-12T11:33:03.312Z,2025-10-19T22:10:03.353Z,sample_text_3008
857fcefe-5faf-4a3c-df5d-917321d0ed26,2025-12-25T21:32:10.959Z,2025-05-17T10:12:53.831Z,291d99ad-c85c-4557-8915-25527607d5cf,sample_text_8578,REDACTED,REDACTED,sample_text_4465,248,1990-01-01,Male,Hispanic/Latino,false,false,false,true,false,Ms. Nelson,Ms. Adams,72.21,95,385,false,927.04,1,watch,251.38,"[""Low attendance rate"", ""Chronically absent"", ""Below proficiency""]",sample_text_3229,sample_text_6889,sample_text_8783,false,2026-01-23T11:58:30.255Z,2025-09-15T20:02:11.100Z,sample_text_126
942582d6-df90-465e-0a7c-344463dcc5fc,2026-03-24T03:46:17.922Z,2025-07-18T12:40:34.903Z,af7db41b-a69f-4ae5-eb9c-f59fa17dcd26,sample_text_9073,REDACTED,REDACTED,sample_text_7240,95,1990-01-01,Non-binary,Black/African American,false,false,true,false,true,Mr. Clark,Ms. Adams,84.1,954,81,false,583.61,928,on_track,302.09,"[""Below proficiency""]",sample_text_5623,sample_text_7878,sample_text_8313,false,2026-03-05T02:30:24.059Z,2026-02-15T12:14:26.998Z,sample_text_3562
25984c0e-a7ff-4156-822e-ec2fb55f198a,2025-10-28T17:26:15.289Z,2025-05-25T21:54:15.108Z,b017f20d-2b75-45dd-64d2-722f145a78d0,sample_text_1605,REDACTED,REDACTED,sample_text_8538,967,1990-01-01,Female,Asian,true,true,true,true,true,Mr. Williams,Ms. Adams,88.48,863,497,true,888.01,62,on_track,76.99,"[""Below proficiency""]",sample_text_8708,sample_text_9289,sample_text_8177,false,2026-01-16T23:48:10.135Z,2025-09-16T22:32:31.604Z,sample_text_3374
8896db36-2d61-437b-b2c1-dc033ac04606,2025-12-31T08:42:11.722Z,2025-10-21T12:50:01.925Z,8fcce2e7-79c7-439d-1c00-1a62a46a56f2,sample_text_7059,REDACTED,REDACTED,sample_text_4150,999,1990-01-01,Female,Two or More Races,true,false,false,true,true,Ms. Davis,Ms. Adams,54.79,695,708,false,24.91,430,on_track,792.91,"[""Low attendance rate"", ""Chronically absent"", ""Below proficiency""]",sample_text_7990,sample_text_8702,sample_text_1190,true,2026-01-23T00:13:56.315Z,2025-10-12T20:57:18.890Z,sample_text_8784
26241fc8-1326-4f27-2a84-eb284a0bd4ba,2025-08-23T14:31:41.085Z,2025-09-06T14:06:00.752Z,b1160aa4-615e-46be-c33f-53b664f1618f,sample_text_976,REDACTED,REDACTED,sample_text_1110,744,1990-01-01,Male,Hispanic/Latino,false,false,false,true,true,Ms. Rivera,Mr. Parker,58.75,71,299,false,608.3,598,on_track,480.37,[],sample_text_5026,sample_text_792,sample_text_9248,false,2025-08-27T12:28:32.579Z,2026-02-13T20:03:53.264Z,sample_text_2851
8ec11999-7a20-466e-84f7-f134e29d20eb,2025-08-31T22:19:28.771Z,2025-10-10T08:02:00.221Z,820e0d69-1dec-4fa2-7dff-4973e37417e7,sample_text_31,REDACTED,REDACTED,sample_text_1158,768,1990-01-01,Female,Black/African American,false,false,false,false,true,Ms. Adams,Ms. Adams,50.59,873,226,true,347.27,916,watch,554.63,[],sample_text_1008,sample_text_8794,sample_text_500,false,2025-07-25T21:49:09.184Z,2025-12-14T23:00:31.213Z,sample_text_5498
08c9d53b-5bb4-4a4e-3e69-2fcd9679e99e,2025-10-09T21:47:42.044Z,2026-03-12T19:26:18.626Z,b017f20d-2b75-45dd-64d2-722f145a78d0,sample_text_5838,REDACTED,REDACTED,sample_text_1316,93,1990-01-01,Male,Hispanic/Latino,true,true,false,false,false,Ms. Adams,Ms. Rivera,90.34,308,341,false,204.59,92,on_track,335.39,"[""Below proficiency""]",sample_text_3095,sample_text_8552,sample_text_2307,true,2025-06-26T20:28:02.800Z,2026-03-26T16:02:30.263Z,sample_text_8261
5cca90e9-35ef-4b60-da97-176e79a801fd,2025-10-03T16:37:15.166Z,2026-03-30T00:30:03.292Z,94519cc1-bdc7-4549-769e-8964efcea7c6,sample_text_372,REDACTED,REDACTED,sample_text_1360,567,1990-01-01,Male,Black/African American,true,false,false,false,true,Mr. Parker,Mr. Clark,26.07,992,694,true,167.24,204,watch,380.31,[],sample_text_6250,sample_text_1696,sample_text_63,false,2026-02-27T04:52:50.419Z,2025-04-18T18:49:46.260Z,sample_text_1175
6ca9565d-394f-4984-5af6-b337411ec843,2025-07-30T19:10:32.638Z,2025-10-18T23:59:33.981Z,e536d26c-1212-499f-3401-979cc6978147,sample_text_4745,REDACTED,REDACTED,sample_text_6613,243,1990-01-01,Male,White,true,false,false,true,false,Mr. Chen,Ms. Adams,51.26,191,736,true,953.87,367,at_risk,897.6,"[""Below proficiency""]",sample_text_8124,sample_text_1099,sample_text_3726,false,2025-12-02T10:50:35.451Z,2026-04-07T08:50:34.021Z,sample_text_9107
e66f5152-bb91-495c-70a1-919b8657aacd,2026-01-14T20:09:25.443Z,2025-04-29T15:15:29.475Z,94519cc1-bdc7-4549-769e-8964efcea7c6,sample_text_2889,REDACTED,REDACTED,sample_text_4077,267,1990-01-01,Male,Hispanic/Latino,false,true,true,true,true,Mr. Hall,Ms. Adams,12.44,465,166,true,39.47,301,at_risk,158.39,[],sample_text_682,sample_text_5987,sample_text_1857,false,2025-12-21T08:38:25.793Z,2025-12-16T18:13:22.815Z,sample_text_4375
49c0f8d8-fcc1-4c41-a548-3ff914a66692,2025-06-11T11:36:33.325Z,2025-04-23T07:51:45.541Z,fecc715c-91cf-4144-4e6d-27d53565cfa5,sample_text_7116,REDACTED,REDACTED,sample_text_1810,499,1990-01-01,Female,Hispanic/Latino,true,false,true,false,false,Ms. Martinez,Ms. Rivera,8.61,162,40,true,441.98,475,watch,300.55,"[""Low attendance rate"", ""Chronically absent"", ""Below proficiency"", ""Low growth trajectory""]",sample_text_5836,sample_text_460,sample_text_7985,false,2025-06-18T12:24:08.626Z,2026-03-11T03:01:29.614Z,sample_text_7163
b913d05c-d452-4b8d-58bc-5af42ecc92ad,2025-08-11T17:38:19.253Z,2026-03-06T05:15:56.222Z,af7db41b-a69f-4ae5-eb9c-f59fa17dcd26,sample_text_2567,REDACTED,REDACTED,sample_text_1581,765,1990-01-01,Female,White,false,false,false,true,false,Mr. Parker,Ms. Rivera,42.21,235,708,false,238.62,911,watch,568.92,"[""Low growth trajectory""]",sample_text_3539,sample_text_1760,sample_text_3668,false,2025-10-23T01:19:56.922Z,2025-06-18T04:38:05.889Z,sample_text_2167
19b0ce65-5cea-46af-9685-0855cb090984,2025-05-02T12:06:36.692Z,2026-02-15T20:25:46.465Z,eb97341d-2385-4175-9a86-c3256608e18e,sample_text_6946,REDACTED,REDACTED,sample_text_6771,444,1990-01-01,Male,Two or More Races,false,true,false,false,true,Ms. Rodriguez,Ms. Rivera,55.08,395,914,false,972.74,641,on_track,995.05,"[""Below proficiency""]",sample_text_781,sample_text_8428,sample_text_3150,false,2025-04-14T07:21:39.917Z,2025-06-16T08:08:49.871Z,sample_text_8090
440eba09-b8a9-4df2-7ce2-88916df0536d,2025-10-23T07:55:12.333Z,2025-10-27T12:14:51.258Z,00e48b05-b6cb-410f-1525-6668c44bdb40,sample_text_2465,REDACTED,REDACTED,sample_text_553,462,1990-01-01,Male,Black/African American,true,true,true,false,false,Mr. Thompson,Mr. Clark,96.19,618,344,false,22.07,131,on_track,406.49,[],sample_text_2563,sample_text_3893,sample_text_8956,true,2025-06-01T19:29:45.875Z,2026-02-04T00:32:02.404Z,sample_text_1939
152072c0-f075-4a77-bebe-aaa40d5c36c5,2025-11-09T17:52:43.866Z,2025-10-08T16:51:11.622Z,3f4d6f7d-05f7-4310-de9f-ae93e46984db,sample_text_6587,REDACTED,REDACTED,sample_text_671,385,1990-01-01,Male,Hispanic/Latino,false,false,false,true,true,Mr. Williams,Ms. Adams,10.61,4,264,true,258.54,762,watch,489.58,"[""Below proficiency""]",sample_text_1330,sample_text_7284,sample_text_9666,false,2025-07-18T22:02:48.844Z,2025-05-03T19:08:07.957Z,sample_text_7325
63b3d997-8d4b-4027-f32c-5ba74efdff76,2026-01-18T01:48:29.374Z,2025-07-04T20:29:40.371Z,0898bc8a-8083-4b0c-faf9-0f5d0224e73e,sample_text_2280,REDACTED,REDACTED,sample_text_382,523,1990-01-01,Male,Hispanic/Latino,true,false,false,true,false,Mr. Parker,Ms. Rivera,6.4,793,827,true,962.11,843,on_track,832.66,[],sample_text_8840,sample_text_4456,sample_text_179,true,2025-11-03T19:23:54.603Z,2025-08-06T17:27:14.816Z,sample_text_134
5bcd0cf0-44a3-4e73-1c78-3d3c73e703b3,2025-10-26T11:20:18.023Z,2025-09-08T15:16:21.654Z,e112e16e-d7d4-47de-a1f6-038db1f702ae,sample_text_678,REDACTED,REDACTED,sample_text_2283,899,1990-01-01,Female,Hispanic/Latino,false,false,false,true,true,Mr. Thompson,Mr. Parker,26.15,314,928,false,29.35,39,on_track,105.61,"[""Below proficiency""]",sample_text_6608,sample_text_5082,sample_text_7561,true,2025-08-03T09:49:20.943Z,2026-02-24T23:53:01.637Z,sample_text_2796
5354d00b-34f0-4a88-58d4-8decde6ce2ee,2025-07-24T05:23:43.780Z,2026-01-28T03:42:46.092Z,837a9baf-7fed-4fe4-630e-eeaf60164bcb,sample_text_6088,REDACTED,REDACTED,sample_text_6808,9,1990-01-01,Female,Hispanic/Latino,true,true,true,false,false,Mr. Lee,Ms. Rivera,42.82,363,324,true,527.86,88,watch,781.07,"[""Below proficiency""]",sample_text_6335,sample_text_2177,sample_text_6520,false,2026-02-28T05:17:02.491Z,2026-01-19T17:15:35.026Z,sample_text_9984
72ea06ea-6647-4b34-faa9-4b6acc59b996,2025-07-31T16:14:21.331Z,2026-02-06T21:24:14.021Z,2e858920-a13b-46d3-3f94-8050bb03f098,sample_text_4142,REDACTED,REDACTED,sample_text_8354,473,1990-01-01,Male,Black/African American,false,false,false,true,false,Mr. Thompson,Mr. Clark,4.35,717,148,false,336.04,255,on_track,895.51,"[""Low attendance rate"", ""Chronically absent""]",sample_text_2601,sample_text_9927,sample_text_6926,true,2025-11-12T02:46:10.892Z,2025-11-08T09:27:23.058Z,sample_text_830
36fa19ad-37fd-44f9-4a36-73f18ecfe5f4,2025-08-15T08:31:56.706Z,2026-01-16T19:40:07.288Z,e112e16e-d7d4-47de-a1f6-038db1f702ae,sample_text_6325,REDACTED,REDACTED,sample_text_108,289,1990-01-01,Female,Black/African American,false,true,true,true,true,Ms. Adams,Mr. Parker,52.52,232,288,false,985.31,690,on_track,180.62,"[""Below proficiency"", ""Low growth trajectory""]",sample_text_5779,sample_text_1491,sample_text_925,false,2026-04-11T13:36:36.771Z,2025-06-15T23:23:25.406Z,sample_text_2709
6fd51bd1-cbdc-4c3a-0686-e52d7fe6061c,2025-05-20T07:10:04.167Z,2025-04-21T05:53:09.728Z,1612581f-ee93-42bd-8ca1-106ca3f5fb8d,sample_text_8012,REDACTED,REDACTED,sample_text_4969,62,1990-01-01,Female,Black/African American,false,true,false,true,false,Mr. Hall,Ms. Adams,91.32,456,267,true,242.17,850,on_track,142.38,"[""Low growth trajectory""]",sample_text_9440,sample_text_3266,sample_text_6898,false,2025-09-14T06:03:24.390Z,2026-04-05T11:35:53.749Z,sample_text_8791
0519f110-4080-47f1-0e4d-53c0e3b18659,2025-10-07T06:34:57.658Z,2026-04-05T22:49:25.108Z,f3e56a9d-701d-4138-17b4-468168466ac1,sample_text_5305,REDACTED,REDACTED,sample_text_9484,471,1990-01-01,Female,Asian,false,false,true,false,true,Mr. Lee,Mr. Parker,85,715,503,true,830.39,844,critical,237.63,"[""Low growth trajectory""]",sample_text_826,sample_text_2009,sample_text_4842,false,2026-03-31T14:43:12.611Z,2025-08-18T13:59:53.168Z,sample_text_4010
a37257b2-9391-4433-6110-687c09f379ec,2025-08-04T05:12:37.819Z,2025-11-02T09:53:48.090Z,314cdd92-266e-488d-cf88-6e18f6db8ca6,sample_text_6922,REDACTED,REDACTED,sample_text_2251,514,1990-01-01,Non-binary,Hispanic/Latino,true,false,true,false,true,Ms. Davis,Ms. Rivera,54.12,713,566,false,504.18,270,watch,281.43,[],sample_text_7104,sample_text_8174,sample_text_5962,true,2025-11-17T22:16:03.803Z,2025-08-01T15:40:32.722Z,sample_text_8305
dc5c38cd-11bd-4d48-b540-0659ffe8f55b,2026-03-03T08:25:16.537Z,2026-01-18T17:23:06.463Z,13f8f388-7de1-4383-f922-a0d8a397e76c,sample_text_9427,REDACTED,REDACTED,sample_text_7028,871,1990-01-01,Female,White,false,false,true,true,true,Mr. Parker,Mr. Clark,72.09,391,233,false,282.68,685,at_risk,967.07,"[""Low attendance rate"", ""Chronically absent"", ""Low growth trajectory""]",sample_text_2354,sample_text_2814,sample_text_4639,true,2025-09-14T12:01:14.636Z,2025-09-24T19:12:19.853Z,sample_text_4851
3e334f12-6fd2-4fbe-3f23-a1309343356d,2025-10-05T03:25:03.167Z,2025-09-01T13:12:08.624Z,89bd14e2-cf78-45ab-904a-7a7f0f4a4010,sample_text_5682,REDACTED,REDACTED,sample_text_3669,64,1990-01-01,Male,Black/African American,true,false,false,false,true,Mr. Parker,Mr. Clark,61.35,18,510,true,432.21,710,on_track,251.39,[],sample_text_1129,sample_text_114,sample_text_6385,true,2025-12-30T11:13:43.855Z,2025-11-27T20:32:31.486Z,sample_text_7359
0e77db3f-7cdc-48b3-e10c-c05d74f5b464,2025-09-30T18:50:06.844Z,2025-08-30T17:56:52.984Z,c8bf5171-97bd-4a3c-df89-c4059e1474e2,sample_text_7537,REDACTED,REDACTED,sample_text_7561,513,1990-01-01,Male,Hispanic/Latino,false,true,false,false,false,Ms. Davis,Mr. Parker,70.37,59,634,false,286.89,885,at_risk,302.29,"[""Below proficiency""]",sample_text_3432,sample_text_5934,sample_text_9615,false,2025-10-19T23:37:38.014Z,2025-11-01T23:13:08.797Z,sample_text_4301
4361747f-bbcd-4426-e55e-5ac00ba3e695,2025-12-15T14:07:16.764Z,2026-01-08T16:21:58.041Z,615ffcad-04ca-4584-4505-45cbefd50d58,sample_text_3577,REDACTED,REDACTED,sample_text_2265,496,1990-01-01,Male,Hispanic/Latino,false,true,true,false,false,Ms. Martinez,Ms. Rivera,98.11,153,61,true,399.74,928,watch,642.52,[],sample_text_3757,sample_text_3823,sample_text_9478,true,2026-02-05T14:59:50.635Z,2025-08-19T22:22:50.321Z,sample_text_1542
40dc6875-50a3-4da6-8104-124ea7a529fb,2025-12-15T09:56:33.589Z,2026-04-05T19:12:26.970Z,c0b731c7-72d6-4cbc-7d82-0603fe27478a,sample_text_2521,REDACTED,REDACTED,sample_text_1813,383,1990-01-01,Male,Hispanic/Latino,false,false,false,false,false,Mr. Chen,Mr. Parker,76.86,151,639,false,781,204,on_track,565.63,[],sample_text_1424,sample_text_1074,sample_text_9359,false,2025-05-18T08:04:23.686Z,2026-03-03T03:54:28.968Z,sample_text_6673
ab6bc2eb-0064-48a7-7f0c-9a1783bcd064,2026-03-06T20:36:45.393Z,2025-05-01T10:11:09.854Z,7d85b267-ac94-499b-94c1-eff3632a4d8b,sample_text_4192,REDACTED,REDACTED,sample_text_6144,162,1990-01-01,Male,Two or More Races,false,false,true,false,false,Ms. Davis,Mr. Clark,41.4,903,631,true,610.9,23,critical,668.75,[],sample_text_1324,sample_text_868,sample_text_1910,true,2025-08-08T00:49:37.154Z,2026-02-13T18:42:55.108Z,sample_text_376
8a50d483-aa92-4384-4deb-3d5c6bf0f0f7,2025-11-07T23:15:27.470Z,2026-02-24T14:10:01.448Z,32a1daeb-123e-4dbe-b622-aea59b73722d,sample_text_1955,REDACTED,REDACTED,sample_text_3106,208,1990-01-01,Male,Black/African American,false,false,false,true,false,Mr. Thompson,Mr. Clark,90.19,564,410,false,913.86,243,on_track,423.15,[],sample_text_8544,sample_text_7000,sample_text_7618,true,2025-05-01T18:56:10.781Z,2025-11-28T12:12:38.917Z,sample_text_1832
cd807608-c28a-4e54-37b1-20305ffdcd5c,2025-08-14T13:37:43.890Z,2025-09-21T16:36:47.237Z,820e0d69-1dec-4fa2-7dff-4973e37417e7,sample_text_2229,REDACTED,REDACTED,sample_text_5652,77,1990-01-01,Female,Black/African American,true,true,true,true,false,Mr. Parker,Ms. Adams,22.66,984,378,false,856.38,792,on_track,695.31,[],sample_text_9679,sample_text_6564,sample_text_1622,false,2026-02-08T16:43:16.728Z,2025-07-23T02:23:45.417Z,sample_text_8726
d914d5ce-2aec-454b-3d59-d028d03124f6,2025-12-07T10:07:36.228Z,2025-05-07T22:21:23.341Z,2d706e75-fd47-4d6b-cc14-10a1bf804d62,sample_text_5306,REDACTED,REDACTED,sample_text_942,422,1990-01-01,Male,Hispanic/Latino,false,true,true,true,true,Mr. Hall,Mr. Parker,68.79,722,550,false,435.82,781,on_track,766.82,"[""Below proficiency""]",sample_text_4696,sample_text_7712,sample_text_7728,true,2025-08-07T03:09:19.578Z,2025-08-28T19:13:21.833Z,sample_text_9321
74996144-2438-4454-03fb-d777b4c9db8b,2025-09-20T07:40:29.416Z,2025-11-02T01:28:39.343Z,314cdd92-266e-488d-cf88-6e18f6db8ca6,sample_text_3506,REDACTED,REDACTED,sample_text_3592,116,1990-01-01,Male,Hispanic/Latino,true,true,false,false,false,Ms. Turner,Mr. Parker,81.3,551,799,true,547.32,121,at_risk,445.38,[],sample_text_4371,sample_text_7223,sample_text_774,true,2025-04-16T01:32:53.531Z,2025-09-17T00:18:17.583Z,sample_text_7302
4b7cf6ad-bee5-43d3-4470-e6643cf6983e,2025-09-01T01:51:06.155Z,2025-09-18T13:38:14.689Z,2d706e75-fd47-4d6b-cc14-10a1bf804d62,sample_text_2512,REDACTED,REDACTED,sample_text_9556,312,1990-01-01,Male,Hispanic/Latino,true,true,true,true,true,Ms. Johnson,Ms. Rivera,21.87,220,864,false,897.91,514,on_track,431.36,"[""Low growth trajectory""]",sample_text_619,sample_text_5909,sample_text_4849,false,2025-05-14T22:23:26.128Z,2026-02-17T02:36:40.257Z,sample_text_207
9a9475d1-a832-46dc-d803-59feef06073e,2025-06-22T10:07:04.558Z,2026-03-28T17:19:01.415Z,e536d26c-1212-499f-3401-979cc6978147,sample_text_6051,REDACTED,REDACTED,sample_text_3750,547,1990-01-01,Male,Black/African American,false,true,false,true,true,Mr. Chen,Mr. Clark,20.91,262,401,true,995.61,922,on_track,393.54,[],sample_text_664,sample_text_9299,sample_text_8444,false,2025-04-26T02:32:43.370Z,2026-03-23T10:15:49.949Z,sample_text_8004
f61f2a14-3a64-4170-c4e0-7f394614ec15,2026-01-04T12:16:37.042Z,2026-03-01T07:17:36.215Z,2d706e75-fd47-4d6b-cc14-10a1bf804d62,sample_text_4254,REDACTED,REDACTED,sample_text_3545,586,1990-01-01,Male,Black/African American,false,true,true,true,false,Ms. Rodriguez,Mr. Parker,38.86,583,963,false,1.67,698,on_track,961.72,[],sample_text_8435,sample_text_8757,sample_text_4654,false,2025-04-25T22:45:11.526Z,2025-12-27T09:17:47.826Z,sample_text_1845
cd416869-1efc-4398-0a2a-903b79ed2d98,2025-04-27T05:30:17.506Z,2026-01-30T14:17:21.649Z,2bd4f3bc-df4b-49c7-997f-c11868da495a,sample_text_6030,REDACTED,REDACTED,sample_text_8626,632,1990-01-01,Male,Asian,false,true,true,false,true,Ms. Rivera,Mr. Clark,68.43,390,137,false,499.34,313,watch,395.41,"[""Below proficiency""]",sample_text_7138,sample_text_5074,sample_text_58,false,2026-02-17T13:51:48.024Z,2026-03-05T12:41:15.770Z,sample_text_1804
43a0c009-5096-4beb-ceb2-2e90d29fa6d1,2025-12-23T13:55:08.261Z,2026-02-26T09:14:39.533Z,a41d4030-6171-4181-a953-5d0104c592fd,sample_text_6334,REDACTED,REDACTED,sample_text_7556,152,1990-01-01,Female,Black/African American,false,true,false,true,true,Mr. Parker,Mr. Clark,73.14,17,520,true,115.4,884,critical,629.4,[],sample_text_7541,sample_text_3020,sample_text_4487,true,2026-03-27T23:54:44.700Z,2025-11-12T08:35:48.553Z,sample_text_856
2d6bfb42-752b-4b9d-3444-de223d3aae60,2025-05-30T19:11:35.846Z,2025-12-04T17:34:30.653Z,32a1daeb-123e-4dbe-b622-aea59b73722d,sample_text_9421,REDACTED,REDACTED,sample_text_7391,165,1990-01-01,Female,Black/African American,true,true,false,true,true,Ms. Johnson,Ms. Rivera,7.06,135,99,true,736.56,576,at_risk,501.02,[],sample_text_7455,sample_text_4684,sample_text_5511,false,2025-07-25T19:30:58.156Z,2025-08-06T07:13:23.758Z,sample_text_2392
73e655b7-927f-4010-5d38-ed87d5958465,2025-04-17T15:23:23.929Z,2025-12-20T15:12:23.692Z,eb97341d-2385-4175-9a86-c3256608e18e,sample_text_1742,REDACTED,REDACTED,sample_text_4564,978,1990-01-01,Female,Hispanic/Latino,false,false,true,false,true,Ms. Johnson,Ms. Rivera,88.36,498,123,true,103,4,watch,121.98,"[""Below proficiency"", ""Low growth trajectory""]",sample_text_2180,sample_text_8656,sample_text_5418,false,2025-07-28T04:11:12.102Z,2025-09-09T03:03:02.182Z,sample_text_311
3f1eb67e-af2a-4430-00e8-036be32a0239,2026-02-28T10:11:50.200Z,2025-04-29T16:57:51.002Z,7e8192d3-756a-4974-209e-dc1ea1cca26e,sample_text_6535,REDACTED,REDACTED,sample_text_9172,807,1990-01-01,Male,Black/African American,true,false,true,false,false,Mr. Thompson,Ms. Adams,73.44,844,388,true,100.73,757,critical,650.52,"[""Below proficiency""]",sample_text_2660,sample_text_9353,sample_text_5996,false,2025-05-05T13:48:09.465Z,2026-02-02T11:44:55.771Z,sample_text_85
0ba497e7-4a6e-4b40-b8d5-7f23952ad2cd,2025-10-13T17:51:35.114Z,2025-07-31T22:48:51.253Z,0898bc8a-8083-4b0c-faf9-0f5d0224e73e,sample_text_731,REDACTED,REDACTED,sample_text_3980,202,1990-01-01,Male,Hispanic/Latino,false,true,false,false,true,Ms. Adams,Mr. Parker,57.78,734,511,false,625.83,683,watch,169.05,"[""Below proficiency""]",sample_text_6450,sample_text_2187,sample_text_3566,false,2025-05-27T18:52:00.682Z,2025-08-13T11:49:03.081Z,sample_text_84
fb441a9a-76af-4633-ef6e-1ccf7e88caa7,2025-12-15T14:18:33.686Z,2025-07-05T23:00:52.565Z,13905047-dc05-4f11-21d1-ceb2ff2a4ead,sample_text_7133,REDACTED,REDACTED,sample_text_7503,66,1990-01-01,Female,Black/African American,true,false,false,false,true,Ms. Rodriguez,Ms. Adams,92.16,864,70,true,712.08,270,watch,243.97,"[""Low growth trajectory""]",sample_text_5084,sample_text_6583,sample_text_8607,false,2026-04-05T16:14:31.458Z,2025-09-13T23:36:15.985Z,sample_text_6531
12c936b7-76a2-4244-3342-f64b193771af,2025-06-30T19:29:34.983Z,2025-08-11T20:27:53.062Z,3f4d6f7d-05f7-4310-de9f-ae93e46984db,sample_text_7549,REDACTED,REDACTED,sample_text_6528,187,1990-01-01,Female,Other,false,false,true,true,true,Mr. Chen,Ms. Adams,77.97,769,375,true,403.14,311,critical,437.62,"[""Low attendance rate"", ""Chronically absent""]",sample_text_5418,sample_text_76,sample_text_3606,true,2025-05-02T00:47:01.328Z,2025-08-23T18:22:27.600Z,sample_text_6045
a9f9f807-e129-4f29-9091-c45f8770da1a,2025-07-27T18:01:00.665Z,2025-04-23T12:31:57.914Z,7006fd96-e3f8-4225-33e4-be34d610ffbb,sample_text_6074,REDACTED,REDACTED,sample_text_6789,292,1990-01-01,Female,Black/African American,true,true,false,true,false,Mr. Williams,Ms. Adams,9.66,625,162,false,224.99,400,on_track,926.74,"[""Low growth trajectory""]",sample_text_9790,sample_text_4941,sample_text_865,true,2025-10-18T19:37:02.230Z,2025-08-02T01:15:02.825Z,sample_text_4150
ef30f378-ae06-4200-e466-b63a46dd4365,2025-08-24T13:32:34.654Z,2026-03-12T21:29:08.990Z,13f8f388-7de1-4383-f922-a0d8a397e76c,sample_text_3083,REDACTED,REDACTED,sample_text_1207,605,1990-01-01,Male,Hispanic/Latino,false,true,true,false,false,Ms. Rodriguez,Mr. Clark,49.7,563,159,true,331.18,631,on_track,944.51,[],sample_text_579,sample_text_3292,sample_text_4637,false,2026-01-23T23:06:19.817Z,2025-12-12T06:14:27.076Z,sample_text_9252
afb57115-93e2-41e4-19fb-726afc7dc847,2025-08-22T19:07:13.324Z,2025-12-29T13:31:15.770Z,2a4e5e57-fab3-47be-aa17-438ff8cedd26,sample_text_9966,REDACTED,REDACTED,sample_text_962,366,1990-01-01,Female,Black/African American,true,true,false,false,false,Ms. Rivera,Ms. Adams,82.5,817,446,true,670.63,192,watch,953.47,"[""Low growth trajectory""]",sample_text_4924,sample_text_3397,sample_text_7785,true,2025-09-06T14:21:02.999Z,2025-08-07T15:09:52.676Z,sample_text_7097
44e96aef-1775-4e8c-e285-02e0cadba8e3,2025-06-29T21:04:37.848Z,2026-03-26T13:16:51.848Z,10539e4e-19ad-49ff-5fb1-13c6a13a9cc0,sample_text_7697,REDACTED,REDACTED,sample_text_1836,602,1990-01-01,Male,Black/African American,false,false,false,false,false,Ms. Johnson,Mr. Parker,58.77,494,780,false,562.46,953,watch,380.42,"[""Below proficiency""]",sample_text_2267,sample_text_3204,sample_text_1446,true,2025-08-17T18:14:39.304Z,2025-09-02T19:38:57.447Z,sample_text_5920
c679812d-8719-424c-f810-c17bf20e8d10,2025-09-24T22:50:05.063Z,2025-10-31T13:16:15.020Z,10539e4e-19ad-49ff-5fb1-13c6a13a9cc0,sample_text_606,REDACTED,REDACTED,sample_text_5902,802,1990-01-01,Female,Asian,false,true,false,false,true,Mr. Lee,Ms. Rivera,6.79,63,962,false,947.55,783,on_track,841.39,"[""Below proficiency""]",sample_text_6885,sample_text_40,sample_text_2643,true,2025-07-01T15:47:42.535Z,2025-10-05T17:41:34.944Z,sample_text_3413
7abd7935-415a-4e5c-0200-73c72eee9749,2025-09-21T22:39:47.396Z,2026-01-29T23:28:23.988Z,f3e56a9d-701d-4138-17b4-468168466ac1,sample_text_2595,REDACTED,REDACTED,sample_text_9190,729,1990-01-01,Female,White,false,false,true,false,true,Ms. Adams,Mr. Clark,87.33,804,136,true,918.21,29,on_track,954.53,"[""Low growth trajectory""]",sample_text_2439,sample_text_5444,sample_text_3573,true,2025-06-19T05:51:15.659Z,2025-11-17T16:01:26.056Z,sample_text_5640
7e8ad38f-d17c-4824-3c91-c8579a6b5e5f,2025-09-14T08:53:53.320Z,2026-03-27T18:46:07.896Z,59faa8f0-e266-467f-aa62-7fd97008cad7,sample_text_8423,REDACTED,REDACTED,sample_text_2339,508,1990-01-01,Female,Two or More Races,false,true,true,true,false,Ms. Johnson,Mr. Clark,76.71,812,890,false,828.43,689,on_track,750.35,"[""Below proficiency""]",sample_text_5179,sample_text_1404,sample_text_399,false,2025-06-09T11:11:43.020Z,2025-08-06T01:58:50.621Z,sample_text_3322
09e8d1ef-f5f0-41fa-38f3-10bac079d03c,2025-08-11T15:58:36.047Z,2026-03-24T05:28:58.900Z,f3e56a9d-701d-4138-17b4-468168466ac1,sample_text_2746,REDACTED,REDACTED,sample_text_8250,515,1990-01-01,Female,Two or More Races,false,true,true,false,false,Ms. Johnson,Mr. Clark,78.14,75,54,false,68.76,232,on_track,374.2,"[""Below proficiency""]",sample_text_6010,sample_text_3775,sample_text_2747,false,2025-07-19T10:42:48.979Z,2026-03-07T17:59:01.922Z,sample_text_3224
230051a7-77f6-49c9-6d7a-c1c341da56c9,2025-10-26T23:40:15.693Z,2025-08-09T11:39:42.506Z,af7db41b-a69f-4ae5-eb9c-f59fa17dcd26,sample_text_1736,REDACTED,REDACTED,sample_text_2170,511,1990-01-01,Male,Two or More Races,false,true,true,false,true,Ms. Turner,Mr. Clark,22.82,373,620,false,788.33,227,on_track,376.32,[],sample_text_3775,sample_text_5516,sample_text_353,false,2025-09-16T23:07:28.732Z,2025-10-01T23:08:29.496Z,sample_text_5961
974aa30d-547e-4e21-86d6-1f3c34623f7f,2025-05-17T09:13:38.831Z,2026-03-04T22:15:15.124Z,3d03d7a9-93e0-4b8e-6b5b-e7f8337fab48,sample_text_8852,REDACTED,REDACTED,sample_text_8322,338,1990-01-01,Male,Other,false,true,true,true,false,Ms. Johnson,Mr. Clark,11.71,284,947,true,760.27,340,on_track,736.27,"[""Low attendance rate"", ""Chronically absent""]",sample_text_4192,sample_text_3427,sample_text_6318,false,2026-01-04T19:34:59.117Z,2025-08-28T18:21:51.858Z,sample_text_18
2de16969-104d-43a0-bfd9-fe690d9d6eac,2025-06-28T20:42:53.090Z,2025-11-06T08:51:26.662Z,8fcce2e7-79c7-439d-1c00-1a62a46a56f2,sample_text_2224,REDACTED,REDACTED,sample_text_4307,91,1990-01-01,Male,Two or More Races,false,true,false,false,true,Ms. Adams,Ms. Rivera,46.22,507,518,true,533.92,692,watch,748.16,"[""Below proficiency"", ""Low growth trajectory""]",sample_text_204,sample_text_4335,sample_text_4219,false,2025-08-14T19:20:06.935Z,2026-03-19T06:08:27.589Z,sample_text_2589
98dc63d7-8988-4ff8-b7ca-2ab8d1f39352,2025-08-28T14:48:14.887Z,2025-07-14T03:28:47.376Z,469af544-bb26-4d4c-4b28-ab15c4812991,sample_text_6431,REDACTED,REDACTED,sample_text_6358,587,1990-01-01,Male,White,false,false,true,true,false,Ms. Turner,Ms. Adams,38.25,608,149,true,711.34,453,on_track,775.93,[],sample_text_6896,sample_text_9028,sample_text_7935,false,2025-05-10T05:02:03.959Z,2025-04-23T14:11:38.077Z,sample_text_2041
7e33c19d-304d-44cf-6308-c84646b5b9b6,2025-04-14T04:48:34.035Z,2025-12-14T08:12:24.910Z,4f68cba7-6170-4ab1-21f9-a7a23a74f8c0,sample_text_2006,REDACTED,REDACTED,sample_text_6225,387,1990-01-01,Female,Hispanic/Latino,false,true,false,false,true,Ms. Nelson,Mr. Parker,42.53,659,935,false,688,2,on_track,759.55,"[""Below proficiency""]",sample_text_1565,sample_text_7266,sample_text_4904,false,2026-03-13T22:13:15.918Z,2025-12-18T03:52:13.447Z,sample_text_6570
7b4e9cee-f4ce-4983-6f42-9424ff347d5a,2025-11-14T23:04:26.456Z,2025-07-14T01:48:42.055Z,eb97341d-2385-4175-9a86-c3256608e18e,sample_text_8674,REDACTED,REDACTED,sample_text_7547,47,1990-01-01,Male,Other,false,true,false,false,false,Ms. Johnson,Mr. Parker,34.27,715,46,false,817.29,595,on_track,373.98,[],sample_text_6317,sample_text_1415,sample_text_6409,true,2025-10-30T23:06:35.875Z,2025-08-18T09:11:06.751Z,sample_text_3516
83c0f5a4-11a8-4b1f-5064-e6047d878674,2025-07-15T07:31:08.766Z,2026-01-31T14:52:56.936Z,c8bf5171-97bd-4a3c-df89-c4059e1474e2,sample_text_7676,REDACTED,REDACTED,sample_text_3937,168,1990-01-01,Female,Other,false,true,false,false,true,Ms. Rodriguez,Mr. Clark,30.62,291,288,false,357.92,839,watch,315.1,[],sample_text_113,sample_text_2553,sample_text_4316,false,2025-04-29T23:36:04.046Z,2025-11-16T21:23:36.508Z,sample_text_2648
4f78a299-95cc-4ebc-45f5-de09ee40e0da,2026-04-07T04:12:55.356Z,2025-06-12T08:36:15.512Z,4ca6797c-e546-4f8b-df90-dbb08907d99e,sample_text_9731,REDACTED,REDACTED,sample_text_7293,420,1990-01-01,Female,White,true,true,true,false,false,Mr. Thompson,Ms. Adams,57.92,786,557,true,153.68,511,on_track,235.46,"[""Below proficiency""]",sample_text_9095,sample_text_1669,sample_text_1311,true,2025-09-06T04:05:16.520Z,2026-02-09T04:30:31.363Z,sample_text_2674
31e6dcd8-7b5b-4c54-b419-66da1259c0d7,2026-01-20T07:12:01.244Z,2025-08-24T19:26:56.533Z,3f4d6f7d-05f7-4310-de9f-ae93e46984db,sample_text_7549,REDACTED,REDACTED,sample_text_9361,682,1990-01-01,Male,Black/African American,false,false,true,true,false,Ms. Nelson,Mr. Clark,60.01,356,414,false,974.56,142,on_track,18.55,[],sample_text_1347,sample_text_9085,sample_text_8328,true,2025-12-11T15:28:30.226Z,2025-05-17T02:30:53.918Z,sample_text_1056
5ad3d718-54d7-4cd2-1fcf-87aea33287e9,2025-05-06T16:02:59.597Z,2025-12-11T21:15:45.067Z,3d03d7a9-93e0-4b8e-6b5b-e7f8337fab48,sample_text_2306,REDACTED,REDACTED,sample_text_7825,615,1990-01-01,Female,Hispanic/Latino,false,true,true,true,false,Ms. Johnson,Ms. Rivera,44.04,875,696,false,723.17,190,on_track,537,[],sample_text_9658,sample_text_1363,sample_text_6563,true,2026-01-15T08:10:23.037Z,2025-06-25T20:08:09.544Z,sample_text_5891
ca649c96-10ee-4d76-dcea-e4beca9603df,2025-06-30T10:33:51.034Z,2025-07-19T11:23:55.027Z,fe4720c1-f369-4760-b122-6b324f08f3a3,sample_text_8286,REDACTED,REDACTED,sample_text_2353,994,1990-01-01,Female,Black/African American,false,true,true,false,false,Ms. Adams,Ms. Adams,81.26,714,323,true,394.38,883,on_track,278.81,"[""Below proficiency""]",sample_text_3746,sample_text_8201,sample_text_4996,true,2026-03-22T09:09:29.944Z,2025-10-26T22:16:50.307Z,sample_text_6565
8e053e88-8c6b-4a2d-0248-e26f6841348e,2026-03-31T23:48:27.098Z,2026-02-13T07:03:38.075Z,eb97341d-2385-4175-9a86-c3256608e18e,sample_text_5660,REDACTED,REDACTED,sample_text_7961,5,1990-01-01,Female,White,true,true,true,false,true,Ms. Turner,Mr. Parker,75.35,63,949,true,744.42,606,at_risk,288.62,[],sample_text_449,sample_text_6435,sample_text_1394,true,2025-07-27T08:50:33.043Z,2025-05-27T10:53:38.293Z,sample_text_5188
4459d0bc-ac12-45e0-2241-37b73184e150,2025-07-27T06:21:35.009Z,2025-09-29T07:15:29.845Z,24557b57-0c13-4c0c-a3e9-39903a1a94a3,sample_text_8855,REDACTED,REDACTED,sample_text_9620,343,1990-01-01,Female,Hispanic/Latino,false,false,true,false,false,Ms. Turner,Ms. Adams,38.32,354,986,false,420.56,150,watch,754.79,"[""Below proficiency""]",sample_text_48,sample_text_4258,sample_text_4888,false,2025-09-05T14:51:38.869Z,2025-10-24T11:00:42.020Z,sample_text_7427
3aaad658-14e8-4861-52c9-2341f1d4e7da,2025-08-10T15:10:44.025Z,2025-08-29T15:33:17.278Z,94519cc1-bdc7-4549-769e-8964efcea7c6,sample_text_6734,REDACTED,REDACTED,sample_text_4961,752,1990-01-01,Female,White,false,true,true,false,true,Mr. Lee,Ms. Adams,96.84,39,463,true,668.61,303,at_risk,258.33,[],sample_text_7246,sample_text_2447,sample_text_9593,true,2025-06-01T11:55:08.647Z,2026-02-02T19:37:00.223Z,sample_text_1143
2815d421-fa85-4846-4e67-32f2b052db68,2026-01-08T16:54:57.858Z,2025-07-11T10:27:48.268Z,1eca3985-996e-497f-4644-294968d742b8,sample_text_5209,REDACTED,REDACTED,sample_text_8738,602,1990-01-01,Female,Black/African American,true,true,true,false,true,Mr. Thompson,Ms. Adams,15.62,716,557,true,867.99,957,at_risk,386.87,"[""Below proficiency""]",sample_text_7182,sample_text_7981,sample_text_348,true,2025-08-30T21:07:51.498Z,2025-11-14T06:36:52.522Z,sample_text_1291
f3bdc0f5-709a-4443-3bcd-690202dcd619,2025-11-29T06:35:22.533Z,2025-06-04T14:21:23.176Z,820e0d69-1dec-4fa2-7dff-4973e37417e7,sample_text_956,REDACTED,REDACTED,sample_text_1254,280,1990-01-01,Male,White,false,true,false,false,true,Mr. Parker,Mr. Clark,66.95,883,221,true,277.82,534,on_track,737.13,"[""Below proficiency""]",sample_text_7180,sample_text_8343,sample_text_6587,true,2026-03-04T04:16:16.958Z,2025-06-19T17:57:16.791Z,sample_text_3521
2f04b13c-c50c-4de2-5f7d-f7ef75d312f1,2025-09-21T22:41:02.567Z,2025-12-06T19:48:01.067Z,4c81bc97-321d-48c5-d316-8243b2e8187e,sample_text_4176,REDACTED,REDACTED,sample_text_7793,561,1990-01-01,Female,Hispanic/Latino,true,true,true,false,true,Mr. Chen,Mr. Parker,76.26,38,329,false,260.2,442,at_risk,52.67,"[""Low attendance rate"", ""Chronically absent"", ""Low growth trajectory""]",sample_text_7992,sample_text_1731,sample_text_34,true,2025-09-17T09:57:54.189Z,2026-03-01T17:46:06.490Z,sample_text_4924
4ca4247e-c61f-4837-bf77-9c36a300d1a6,2025-10-10T11:55:47.901Z,2025-07-24T20:57:08.817Z,219980cb-3f77-4414-faeb-5f70b1472a36,sample_text_7469,REDACTED,REDACTED,sample_text_771,841,1990-01-01,Non-binary,Black/African American,true,true,false,true,true,Ms. Martinez,Mr. Parker,48.29,949,722,false,6.05,894,on_track,722.49,[],sample_text_7104,sample_text_2623,sample_text_1250,true,2025-09-11T03:29:58.699Z,2026-03-27T22:31:22.508Z,sample_text_8064
824fd656-898c-4a31-aa57-ef6e1d6c346d,2025-06-14T12:18:37.726Z,2025-05-27T12:01:13.787Z,1c4d8e9f-05af-4567-fc15-60738335dd73,sample_text_2238,REDACTED,REDACTED,sample_text_581,30,1990-01-01,Male,Asian,true,true,true,false,false,Mr. Chen,Ms. Rivera,67.92,374,678,true,734.68,917,watch,445.67,[],sample_text_4081,sample_text_1850,sample_text_5030,true,2025-12-08T20:13:52.069Z,2026-01-20T12:32:06.576Z,sample_text_3729
4f6d2f72-e04a-4494-a2d8-a7c9330625ec,2026-01-08T19:31:44.691Z,2025-05-29T04:00:30.190Z,fecc715c-91cf-4144-4e6d-27d53565cfa5,sample_text_7866,REDACTED,REDACTED,sample_text_2696,431,1990-01-01,Female,Black/African American,false,true,false,true,false,Mr. Parker,Mr. Parker,63.84,204,922,true,221.4,902,on_track,694.6,"[""Low attendance rate"", ""Chronically absent"", ""Below proficiency"", ""Low growth trajectory""]",sample_text_9246,sample_text_3088,sample_text_8523,false,2026-01-04T20:25:44.217Z,2025-12-06T04:45:10.731Z,sample_text_8122
4335fda9-afa6-493e-0026-1aa0263939a5,2025-10-13T03:17:16.144Z,2025-07-01T13:10:27.492Z,b9a92613-a49f-49ac-02ac-12389b77c55c,sample_text_6057,REDACTED,REDACTED,sample_text_3839,292,1990-01-01,Male,Other,true,false,false,false,true,Ms. Johnson,Ms. Adams,86.64,266,360,true,14.92,538,on_track,317.82,"[""Below proficiency""]",sample_text_2482,sample_text_3342,sample_text_1708,false,2025-11-03T15:15:16.014Z,2026-01-04T04:12:56.925Z,sample_text_4272
cfed3b67-1de3-46ea-e76f-c89d08ec289a,2025-08-18T17:59:14.307Z,2026-02-06T22:16:47.432Z,2e842555-494e-4eac-25b2-d2a4430cc9ed,sample_text_1668,REDACTED,REDACTED,sample_text_9857,203,1990-01-01,Female,White,true,false,true,true,false,Mr. Parker,Mr. Parker,12.64,218,810,false,718.09,325,watch,540.48,"[""Below proficiency"", ""Low growth trajectory""]",sample_text_5887,sample_text_6912,sample_text_689,true,2025-08-27T13:38:00.260Z,2025-09-04T17:49:29.036Z,sample_text_3921
44e91cce-ea65-438a-461a-9f0cf86acc81,2025-11-16T14:00:33.809Z,2025-06-02T19:13:45.885Z,c8bf5171-97bd-4a3c-df89-c4059e1474e2,sample_text_3885,REDACTED,REDACTED,sample_text_3815,879,1990-01-01,Female,Two or More Races,true,false,true,true,false,Mr. Parker,Mr. Parker,61.75,782,408,true,363.45,248,critical,155.27,"[""Below proficiency""]",sample_text_6438,sample_text_9392,sample_text_85,false,2026-01-28T01:48:19.080Z,2025-11-09T11:58:04.144Z,sample_text_5990
60bb9abd-ad4f-43fe-d09e-d416a48001a5,2026-03-02T16:09:20.711Z,2025-07-03T18:38:03.048Z,291d99ad-c85c-4557-8915-25527607d5cf,sample_text_8204,REDACTED,REDACTED,sample_text_5037,442,1990-01-01,Male,White,true,true,false,true,false,Mr. Chen,Ms. Adams,69.16,523,845,false,123.62,172,watch,915.81,[],sample_text_4541,sample_text_5820,sample_text_8213,true,2026-01-24T18:56:28.964Z,2026-02-04T03:03:15.430Z,sample_text_672
3e4e588f-bb13-48f9-ae27-231d699b174f,2026-02-14T16:28:05.073Z,2025-06-29T10:33:33.311Z,1c4d8e9f-05af-4567-fc15-60738335dd73,sample_text_4523,REDACTED,REDACTED,sample_text_5571,123,1990-01-01,Non-binary,Other,true,true,true,true,true,Ms. Turner,Ms. Adams,57.75,417,540,true,36.05,405,at_risk,714.26,[],sample_text_3221,sample_text_4092,sample_text_2253,true,2025-10-15T06:51:14.650Z,2025-10-18T05:31:56.324Z,sample_text_5269
