id,created_at,event_id,event_type,status,processed_at,error_message,retry_count,payload,result
3f5c8520-e4f1-43b4-dd3c-57f73480283a,2026-01-09T23:47:31.138Z,sample_text_968,sample_text_7760,active,2025-06-21T08:14:25.833Z,sample_text_9856,4741,sample_text_9322,sample_text_9435
b91ee34f-f358-4ced-9eb9-980d3aba5934,2025-08-18T22:24:53.231Z,sample_text_8129,sample_text_9532,active,2025-12-10T20:34:04.851Z,sample_text_1484,6995,sample_text_5965,sample_text_3914
76377d87-143e-4201-d575-6a2ea61e5c65,2025-07-20T03:53:42.286Z,sample_text_4783,sample_text_4578,active,2025-07-15T19:40:39.578Z,sample_text_9776,3047,sample_text_9113,sample_text_6240
e0ec485a-2c1c-4462-a9eb-94eaf543c9f0,2026-03-05T13:35:29.708Z,sample_text_7628,sample_text_1170,active,2025-05-12T08:59:17.543Z,sample_text_2695,5073,sample_text_5748,sample_text_9574
8a4a5e81-bfdd-4b83-fde9-ba35897efce0,2025-06-17T03:42:04.487Z,sample_text_9702,sample_text_2335,inactive,2025-07-04T03:51:19.681Z,sample_text_348,7433,sample_text_1867,sample_text_2616
6c59f8e7-1283-48e8-e154-4f4186114c0e,2026-01-03T16:55:37.308Z,sample_text_663,sample_text_8687,inactive,2026-01-04T08:49:50.636Z,sample_text_7332,6415,sample_text_8975,sample_text_9596
12669fa9-2418-4453-41ff-2e1db79205fd,2025-07-29T23:43:27.614Z,sample_text_5025,sample_text_5173,active,2025-04-12T20:52:08.748Z,sample_text_7228,136,sample_text_9724,sample_text_6511
a2c4f1e0-7d7e-403f-92f9-b8f6b4d65927,2025-07-04T23:35:15.824Z,sample_text_1487,sample_text_7,active,2025-09-19T15:15:20.614Z,sample_text_4068,4082,sample_text_4919,sample_text_8627
17734860-b0db-4b35-22e9-23dc9a47dfff,2025-11-19T20:06:59.035Z,sample_text_5571,sample_text_2157,active,2026-03-06T06:04:37.038Z,sample_text_1428,6897,sample_text_8410,sample_text_9402
69388dfe-335c-4d6d-1d6e-024740f3fc55,2025-10-28T10:08:58.245Z,sample_text_536,sample_text_9768,active,2025-08-05T09:28:44.680Z,sample_text_4983,3134,sample_text_8929,sample_text_1815
b7ede088-e6bd-44f5-522e-91e90568c846,2025-11-03T06:09:23.210Z,sample_text_9759,sample_text_9928,inactive,2025-06-25T14:32:35.766Z,sample_text_2002,5268,sample_text_2282,sample_text_265
56824ea3-25ff-4c6f-ebed-2efb582cee14,2025-10-23T13:04:01.232Z,sample_text_444,sample_text_8761,active,2026-04-02T01:19:44.733Z,sample_text_3281,1296,sample_text_5192,sample_text_4044
6dcf8bac-152e-4c80-c972-3ae16204d8d1,2026-03-07T09:24:56.434Z,sample_text_1454,sample_text_6503,active,2025-09-17T05:22:22.781Z,sample_text_2933,8833,sample_text_6234,sample_text_7689
c81e7865-51bb-4904-b2a4-41ee38ad7f87,2025-04-19T13:03:09.796Z,sample_text_4308,sample_text_9734,inactive,2025-12-10T15:35:22.673Z,sample_text_6781,5675,sample_text_2759,sample_text_5208
7a9b02a6-94e5-4bb3-9c10-dad24d9a2ad4,2025-11-08T16:40:31.257Z,sample_text_8795,sample_text_6709,active,2025-07-25T19:39:18.033Z,sample_text_8420,5961,sample_text_97,sample_text_5584
27d5233c-3b60-40fa-bd2d-08fb4a9092f4,2026-02-10T15:43:17.231Z,sample_text_1225,sample_text_7833,active,2025-07-12T17:15:24.159Z,sample_text_9326,3827,sample_text_7509,sample_text_8390
f90ee76d-191e-4b06-b121-3159a45c863c,2025-11-21T13:59:41.013Z,sample_text_8268,sample_text_3083,active,2026-01-06T22:20:06.874Z,sample_text_2331,1131,sample_text_6415,sample_text_2650
3b52576a-c0ba-453d-4d2f-52ff94f8381c,2026-02-08T17:04:01.625Z,sample_text_9979,sample_text_7178,inactive,2025-12-15T02:41:47.033Z,sample_text_450,8045,sample_text_6654,sample_text_2487
426b5306-6342-446a-0eaa-729d1cfade84,2025-06-20T01:22:16.247Z,sample_text_7823,sample_text_5516,active,2025-10-25T16:21:29.766Z,sample_text_21,9631,sample_text_9514,sample_text_2268
2c0aeb97-f171-4dfd-8f2e-4a69b1e72b6b,2025-07-26T17:43:21.026Z,sample_text_4856,sample_text_8354,active,2025-10-08T16:13:30.822Z,sample_text_7678,2969,sample_text_7346,sample_text_233
1dfa3bfa-3eda-4a4b-7414-14906f27abf8,2026-03-07T07:42:35.209Z,sample_text_2722,sample_text_2373,pending,2026-01-24T23:05:49.272Z,sample_text_4278,7595,sample_text_3051,sample_text_3999
b81fa6d4-d0d0-4507-b694-fbccd1e9b065,2026-01-15T13:46:34.282Z,sample_text_4815,sample_text_1951,active,2025-09-12T01:49:37.263Z,sample_text_4486,3764,sample_text_4241,sample_text_560
ace2e76c-7882-4a27-87d4-743e8bc6c5fe,2025-05-30T05:30:44.247Z,sample_text_3930,sample_text_5736,active,2025-11-17T16:21:16.107Z,sample_text_2479,6895,sample_text_3908,sample_text_5155
e96ab1d3-8feb-4069-f0a9-c97f59312030,2025-10-10T15:28:25.645Z,sample_text_2779,sample_text_3351,inactive,2025-06-02T01:54:11.772Z,sample_text_9921,760,sample_text_9881,sample_text_7756
2e9ac86a-6461-4502-f81c-27be920a0190,2025-12-13T10:06:55.198Z,sample_text_9463,sample_text_6644,inactive,2025-11-07T05:16:20.138Z,sample_text_9109,4712,sample_text_1206,sample_text_7770
bcb09f2e-fc03-449e-9e73-04dcd0d66e32,2025-05-21T13:39:20.659Z,sample_text_9970,sample_text_4115,inactive,2025-11-30T16:46:21.971Z,sample_text_9047,9380,sample_text_3183,sample_text_2595
219909b5-4341-4669-9459-300d444a7b98,2026-03-31T00:13:18.858Z,sample_text_1431,sample_text_9645,inactive,2026-02-17T22:29:06.201Z,sample_text_8814,4981,sample_text_3907,sample_text_4782
35067ed8-a2c5-4b83-5417-69b9937492ac,2026-03-09T20:11:42.316Z,sample_text_4386,sample_text_661,active,2025-09-06T10:30:30.992Z,sample_text_1932,5014,sample_text_7589,sample_text_4397
cabae112-bdc3-462d-e8c7-c0d51bfb2cf8,2025-11-22T01:34:04.297Z,sample_text_3263,sample_text_7749,pending,2025-04-22T03:07:50.551Z,sample_text_6516,5039,sample_text_2600,sample_text_3080
7e110710-3b7b-4f88-c403-9af5ec1393b7,2025-09-21T21:29:22.395Z,sample_text_7442,sample_text_1856,active,2025-12-09T06:30:55.752Z,sample_text_4273,3432,sample_text_7990,sample_text_9184
f452320d-8498-466a-4958-7befcca0555c,2025-07-03T08:24:28.314Z,sample_text_679,sample_text_6983,inactive,2025-06-27T18:47:55.960Z,sample_text_728,7506,sample_text_6131,sample_text_9227
71ebf34a-7875-4c68-9eca-03c9b469cd58,2025-05-15T01:49:55.627Z,sample_text_6433,sample_text_7814,pending,2025-05-11T15:02:22.045Z,sample_text_6241,1093,sample_text_257,sample_text_3297
0cc60009-7b34-4fcd-49ff-944ae53e53d0,2026-02-05T21:18:33.923Z,sample_text_3305,sample_text_6976,pending,2026-03-24T16:18:06.712Z,sample_text_7977,2297,sample_text_8081,sample_text_6412
683e9beb-0bdd-4a40-96b7-f9ba411d57cd,2026-03-26T23:11:58.330Z,sample_text_2722,sample_text_9954,active,2025-07-20T19:02:09.751Z,sample_text_7105,6363,sample_text_4213,sample_text_5809
96917f05-c508-447d-b812-ca74da038363,2025-04-28T17:12:05.708Z,sample_text_4382,sample_text_7647,active,2026-01-31T08:13:00.678Z,sample_text_9184,9139,sample_text_7028,sample_text_2364
1c2c8a63-b497-4405-d180-19447dea56a8,2025-11-25T06:37:17.346Z,sample_text_6431,sample_text_9175,inactive,2026-03-01T13:21:11.178Z,sample_text_4664,1095,sample_text_4939,sample_text_8280
97255661-f930-4389-05af-b7a7ee7f812f,2026-01-12T21:24:41.406Z,sample_text_4799,sample_text_6897,inactive,2025-10-07T10:48:34.817Z,sample_text_6224,52,sample_text_5197,sample_text_5619
7948f64b-e5e0-45cb-cbea-b557d73c0828,2025-10-08T19:58:34.396Z,sample_text_2406,sample_text_6734,active,2025-06-29T04:03:54.004Z,sample_text_1849,903,sample_text_3207,sample_text_9503
838f6f95-a0df-4883-1e93-4ef279f410e1,2025-11-25T22:52:31.067Z,sample_text_3659,sample_text_2478,active,2026-02-28T05:26:08.752Z,sample_text_8435,9649,sample_text_1702,sample_text_5243
008ae21d-0163-410a-a1ba-0a1cbae14f73,2025-05-20T04:38:28.723Z,sample_text_2092,sample_text_6686,active,2026-04-11T19:42:09.793Z,sample_text_4019,6267,sample_text_3391,sample_text_5069
39ed5de8-eaf8-4eae-80b1-b5debc16d58c,2025-05-26T20:29:55.432Z,sample_text_9938,sample_text_1072,active,2026-02-23T08:57:05.568Z,sample_text_7279,2485,sample_text_2094,sample_text_3804
0f39e45d-20e8-45d6-3a1b-23fa94bed04b,2025-05-10T03:16:51.937Z,sample_text_1683,sample_text_9236,active,2025-07-05T00:45:27.197Z,sample_text_9895,6729,sample_text_9425,sample_text_6511
e4a1225c-c288-4894-2f3c-4d074d5a3e8c,2025-09-24T10:33:14.136Z,sample_text_3327,sample_text_5385,pending,2025-11-20T03:28:10.198Z,sample_text_2140,5361,sample_text_2651,sample_text_7175
00aa78d8-bdcf-4ead-0a13-7234c4689fd2,2025-08-05T07:12:32.154Z,sample_text_5972,sample_text_5248,active,2025-06-01T09:53:25.657Z,sample_text_7995,7053,sample_text_9857,sample_text_394
07a0a364-8553-4d80-d6d1-4c705103fbe4,2025-12-22T04:33:25.836Z,sample_text_5576,sample_text_8114,pending,2026-03-25T00:08:21.077Z,sample_text_5316,4794,sample_text_3992,sample_text_2835
3c798ce8-c36b-4b06-ac1f-bb35f091e6a3,2025-07-27T17:07:10.925Z,sample_text_263,sample_text_9435,active,2025-05-29T07:37:10.394Z,sample_text_997,5829,sample_text_1146,sample_text_5899
c14c8c99-5fae-4bc4-2efd-140112770221,2025-11-03T06:03:52.637Z,sample_text_609,sample_text_2236,active,2025-05-28T19:10:47.140Z,sample_text_5549,2592,sample_text_3661,sample_text_3837
6a4d58ee-d6bf-400b-013b-88d96c2ff53c,2025-12-07T05:10:37.222Z,sample_text_4771,sample_text_9838,inactive,2025-11-29T19:33:06.464Z,sample_text_5661,8410,sample_text_7182,sample_text_2207
89ddf33d-5a1d-4271-7725-0cff294a3f69,2025-04-14T23:56:04.173Z,sample_text_8504,sample_text_5789,pending,2025-11-07T18:16:17.111Z,sample_text_7260,722,sample_text_3308,sample_text_1750
8e3e349d-d33f-46d7-a2d9-b1d7979c4298,2025-05-18T23:36:48.090Z,sample_text_5570,sample_text_4412,active,2026-03-11T00:42:08.084Z,sample_text_6970,1628,sample_text_8095,sample_text_9283
f0360fb6-f57a-408c-3d48-c0730ca7bde3,2026-01-22T12:33:22.208Z,sample_text_7797,sample_text_4514,active,2026-04-03T03:27:07.260Z,sample_text_5475,3845,sample_text_7645,sample_text_101
ed4c84b3-f409-41cb-10b4-ca2ea758aa90,2025-07-10T19:30:36.486Z,sample_text_8236,sample_text_6418,inactive,2025-10-10T07:43:12.893Z,sample_text_2488,6099,sample_text_6693,sample_text_5025
572b20bc-f7bf-457a-836d-01239e1634b1,2025-12-29T21:35:38.702Z,sample_text_193,sample_text_1324,active,2025-12-10T21:21:45.103Z,sample_text_4550,5354,sample_text_3138,sample_text_7125
ca178109-72e0-4a67-b709-317b7dac5fda,2025-05-06T18:49:43.394Z,sample_text_7002,sample_text_4375,inactive,2025-07-14T14:12:26.426Z,sample_text_4758,6126,sample_text_1369,sample_text_8251
435fdfb7-e6a8-4a80-f032-b7cfe2c78925,2025-05-28T11:33:42.675Z,sample_text_1984,sample_text_4384,active,2025-10-26T20:27:35.955Z,sample_text_5773,5411,sample_text_5960,sample_text_4246
2bd4d4c7-0b6e-4ab6-70a5-49fded35f281,2025-11-19T14:06:25.549Z,sample_text_696,sample_text_3064,inactive,2025-04-23T05:54:22.907Z,sample_text_6771,842,sample_text_914,sample_text_7091
4482c7ab-a34a-4b88-6c3f-ae9fbf4a610e,2025-08-07T00:15:56.457Z,sample_text_4266,sample_text_694,active,2025-11-28T13:40:19.271Z,sample_text_1448,1993,sample_text_1581,sample_text_4281
c225f918-e2b1-4a03-4148-4429c4d1a960,2025-08-03T22:59:44.535Z,sample_text_8613,sample_text_5094,pending,2025-12-10T15:34:55.984Z,sample_text_2649,3760,sample_text_6053,sample_text_4516
7f4c8c45-0738-4f60-aa05-c72039c86797,2025-06-02T08:26:37.173Z,sample_text_1109,sample_text_9585,active,2026-03-11T19:27:04.890Z,sample_text_6036,2841,sample_text_2159,sample_text_7856
f9fe3d3e-2739-410f-7d12-4bf24f9f5355,2025-05-26T20:59:40.120Z,sample_text_8149,sample_text_8685,active,2025-07-03T14:06:42.331Z,sample_text_5154,7459,sample_text_6905,sample_text_8330
1f7de28e-863d-4841-2e6c-398756108420,2025-04-13T09:50:44.933Z,sample_text_5353,sample_text_7419,inactive,2026-03-19T14:57:22.102Z,sample_text_7058,2555,sample_text_3146,sample_text_320
be8432f4-cda7-4495-8815-5b3be58af0ac,2026-01-03T02:16:27.556Z,sample_text_3251,sample_text_8073,pending,2025-05-13T09:13:18.455Z,sample_text_221,3841,sample_text_5785,sample_text_7141
e5804a0f-5ffd-423f-cb6e-f918f2e4981d,2026-03-05T00:04:02.232Z,sample_text_3028,sample_text_4215,active,2025-04-23T15:22:39.552Z,sample_text_2243,3295,sample_text_6258,sample_text_2298
fc82279d-bd33-44fa-7ece-25ec7ff32e46,2025-12-12T19:56:52.840Z,sample_text_9767,sample_text_7700,active,2026-02-01T02:23:22.157Z,sample_text_957,2291,sample_text_6330,sample_text_8685
4b3416cf-e785-473d-beec-de5db92800ac,2026-02-01T15:58:59.457Z,sample_text_9253,sample_text_4068,inactive,2026-01-04T07:08:21.359Z,sample_text_717,3304,sample_text_6024,sample_text_3291
0af5b2e3-8a80-4696-2c12-ae5db1251fac,2025-06-09T04:51:23.912Z,sample_text_5638,sample_text_3760,active,2026-01-06T01:42:46.915Z,sample_text_5270,1401,sample_text_1834,sample_text_9452
35574beb-cc3a-4994-665f-c0c03b02ab98,2025-06-11T08:37:12.724Z,sample_text_5440,sample_text_4730,pending,2025-10-09T16:17:44.766Z,sample_text_6581,7357,sample_text_7510,sample_text_3617
6358ceb0-3bb0-4a7d-4d1c-702e7af28ac3,2025-05-30T00:39:55.317Z,sample_text_1278,sample_text_6344,active,2025-09-10T04:02:16.247Z,sample_text_7727,9547,sample_text_8339,sample_text_6011
c4ae5cca-e354-4fac-9d87-1588811f6686,2025-07-01T11:18:10.050Z,sample_text_3373,sample_text_6506,active,2025-10-30T07:57:51.861Z,sample_text_6956,366,sample_text_1664,sample_text_2235
